*,address_raw,city,state,zipcode,unit,property_type,bedrooms,bathrooms,sqft,rent,price_per_sqft,listing_url,K_Q_Overall,B_Q_Overall,Flooring_Q,Paint_Q,Lighting_Q,Window_Q,Appliance_Q,Quality_Score_100,K_Size_1_3,K_Layout,B_Size_1_3,B_Layout,Bath_Config_1_3,Storage_Level_1_3,Floorplan_Utility_1_3,Unit_Size_1_3_Auto,Size_Score_100,C_Balcony_Deck,C_Heating,C_AC,C_Washer_Dryer,C_Parking,C_Dishwasher,C_Microwave,C_Disposal,C_Hardwood,C_Updated_Kitchen,C_Updated_Bath,C_Outdoor_Space,Parking_Type,Parking_Score_100,Laundry_Type,Laundry_Score_100,Bath_Config_Type,Fireplace_Type,Fireplace_Bonus_100,Exterior_Amenities_1_3,Package_Lockers,Gym_Workout,Pool,Yard_Shared_Outdoor,Amenity_Bonus_Score_100,Completeness_Score_100,WalkScore,TransitScore,BikeScore,Location_Score_100,Market_Score,Market_Grade,Luxury_Gap,Rent_per_Score,Opportunity_Flag,Notes,description_text,lat,lng
1,"15267 Hesperian Blvd, San Leandro, CA 94578",San Leandro,CA,94578,,apartment,2,1,838,"$2,581",$3.08,https://sfbay.craigslist.org/eby/apa/d/san-leandro-exceptional-br-living/7922906591.html,3,3,2,3,2,2,3,85.7,,,,,,,,2,66.7,No,Yes,,Yes,Yes,Yes,,,Yes,No,No,No,Street only,25,,,,,,,,,,,,,78,65,82,74.9,76.9,B,,$33.57,Review,,Bright 2BR with hardwood floors and parking near Lake Merritt.,37.6949777,-122.1304232
1,"87th Ave., Oakland, CA 94621",Oakland,CA,94621,,apartment,2,1,600,"$1,700",$2.83,https://sfbay.craigslist.org/eby/apa/d/oakland-beautiful-cozy-bedrooms-bath/7922906083.html,2,2,2,2,2,2,2,66.7,,,,,,,,1,33.3,Yes,Yes,,Yes,,Yes,,,Yes,Yes,Yes,Yes,,,,,,,,,,,,,,,75,55,59,65.8,56.2,C,,$30.23,Review,,,37.7536601,-122.171616
1,"16929 Meekland Ave, Hayward, CA 94541",Hayward,CA,94541,,apartment,2,1,600,"$2,674",$4.46,https://sfbay.craigslist.org/eby/apa/d/san-lorenzo-located-in-hayward-bd-ba/7917043216.html,2,,2,3,2,3,3,83.3,,,,,,,,1,33.3,Yes,Yes,,No,Yes,Yes,,,Yes,Yes,,Yes,,,,,,,,,,,,,,,71,,60,47.5,58.1,C,,$46.02,Review,,,37.6848857,-122.1175076
1,"1200 65th Street, Emeryville/Oakland, CA 94608",Emeryville/Oakland,CA,94608,,apartment,2,1,,"$3,600",,https://sfbay.craigslist.org/eby/apa/d/emeryville-spacious-loft-style/7921818779.html,3,3,2,2,2,2,3,81.0,,,,,,,,,,,Yes,,Yes,Yes,Yes,,,No,Yes,Yes,,,,,,,,,,,,,,,,94,,93,65.6,74.8,B,,$48.12,Review,,,37.8478466,-122.2888436
1,"120 Caldecott Lane #5, Oakland, CA 94618",Oakland,CA,94618,5,apartment,2,1,1290,"$2,697",$2.09,https://sfbay.craigslist.org/eby/apa/d/oakland-suburban-in-the-urban-area/7919483186.html,2,2,2,2,2,2,2,66.7,,,,,,,,3,100.0,Yes,Yes,,,,Yes,,,Yes,Yes,No,Yes,,,,,,,,,,,,,,,18,22,34,22.4,64.6,C,,$41.78,Review,,,37.853206669051744,-122.22304045640945
1,"764 KINGSTON AVE, OAKLAND CA 94611, CA 94611",Oakland Ca 94611,CA,94611,,apartment,2,1,700,"$2,060",$2.94,https://sfbay.craigslist.org/eby/apa/d/oakland-piedmont-border-bedrooms-bath/7922883509.html,2,1,2,2,2,1,2,57.1,,,,,,,,2,66.7,Yes,Yes,,No,,No,,,Yes,No,No,Yes,,,,,,,,,,,,,,,93,53,67,75.8,65.2,C,,$31.58,High-location / low-quality opportunity,,,37.8232654,-122.2493378
1,"16077 ashland Ave, San Lorenzo, CA 94580",San Lorenzo,CA,94580,,apartment,2,1,800,"$2,425",$3.03,https://sfbay.craigslist.org/eby/apa/d/san-leandro-live-large-in-retreat/7922881125.html,2,,2,3,2,3,2,77.8,,,,,,,,2,66.7,Yes,Yes,,No,Yes,Yes,,,No,Yes,,Yes,,,,,,,,,,,,,,,71,42,57,59.5,69.3,C,,$34.99,Review,,,37.6868578,-122.1190549
1,"1771 Sausal Street, Oakland, CA 94602",Oakland,CA,94602,,apartment,2,1,,"$2,050",,https://sfbay.craigslist.org/eby/apa/d/oakland-newly-remodeled-large-bedroom/7917378104.html,1,1,2,3,3,3,2,71.4,,,,,,,,,,Yes,Yes,,No,Yes,No,,,No,No,No,Yes,,,,,,,,,,,,,,,84,58,59,71.2,71.3,B,,$28.74,Review,,,37.7982462,-122.2206462
1,"Channing Way, Berkeley, CA 94704",Berkeley,CA,94704,,apartment,2,1,,"$2,995",,https://sfbay.craigslist.org/eby/apa/d/berkeley-nice-quiet-bdrm-apt-near-ucb/7922322116.html,1,1,1,1,1,1,1,33.3,,,,,,,,,,,Yes,,No,Yes,No,,,No,No,No,,,,,,,,,,,,,,,,99,68,93,88.5,55.4,C,,$54.06,High-location / low-quality opportunity,,,37.8666289,-122.2610919
1,"Delaware St, Berkeley, CA 94709",Berkeley,CA,94709,,apartment,2,1,,"$2,995",,https://sfbay.craigslist.org/eby/apa/d/berkeley-large-sunny-bdr-apt-on/7922322404.html,1,2,2,2,1,2,1,52.4,,,,,,,,,,Yes,Yes,,No,Yes,,,,Yes,No,No,Yes,,,,,,,,,,,,,,,98,70,95,89.0,67.0,C,,$44.68,High-location / low-quality opportunity,,,37.8745023,-122.2710381
1,"2080 Regent way, Castro Valley, CA 94546",Castro Valley,CA,94546,,apartment,2,1,1000,"$2,995",$3.00,https://sfbay.craigslist.org/eby/apa/d/hayward-castro-valley-bedroom-house-for/7921226924.html,2,2,1,2,2,2,2,61.9,,,,,,,,3,100.0,Yes,Yes,,Yes,Yes,,,,No,No,No,Yes,,,,,,,,,,,,,,,15,36,15,21.3,62.3,C,,$48.10,Review,,,37.691811,-122.098123
1,"2805 38th ave, Oakland, CA 94619",Oakland,CA,94619,,apartment,2,1,900,"$2,500",$2.78,https://sfbay.craigslist.org/eby/apa/d/oakland-modern-oakland-flat-bright/7920782773.html,2,3,2,3,2,2,2,76.2,,,,,,,,2,66.7,,Yes,,Yes,,,,,No,Yes,Yes,,,,,,,,,,,,,,,,80,50,70,69.0,71.3,B,,$35.07,Review,,,37.78666397707876,-122.20517542821264
1,"2805 38th ave, Oakland, CA 94619",Oakland,CA,94619,,apartment,2,1,,"$2,500",,https://sfbay.craigslist.org/eby/apa/d/oakland-stylish-oakland-apartment-with/7922405188.html,2,3,2,3,2,2,2,76.2,,,,,,,,,,,Yes,,Yes,,,,,No,Yes,Yes,,,,,,,,,,,,,,,,80,50,70,69.0,73.3,B,,$34.10,Review,,,37.78666397707876,-122.20517542821264
1,"16077 ashland Ave, San Lorenzo, CA 94580",San Lorenzo,CA,94580,,apartment,2,1,800,"$2,425",$3.03,https://sfbay.craigslist.org/eby/apa/d/san-leandro-discover-your-br-oasis-with/7922849073.html,2,,2,3,2,3,2,77.8,,,,,,,,2,66.7,Yes,Yes,,No,Yes,Yes,,,No,Yes,,Yes,,,,,,,,,,,,,,,71,42,57,59.5,69.3,C,,$34.99,Review,,,37.6868578,-122.1190549
1,"Stannage ave, Albany, CA 94706",Albany,CA,94706,,apartment,2,1,875,"$2,600",$2.97,https://sfbay.craigslist.org/eby/apa/d/albany-berkeley-albany-2bed-bath-near/7916952119.html,2,2,2,1,1,1,2,52.4,,,,,,,,2,66.7,Yes,Yes,,Yes,Yes,Yes,,,Yes,No,No,Yes,,,,,,,,,,,,,,,97,57,98,85.2,65.9,C,,$39.48,High-location / low-quality opportunity,,,37.8903625,-122.2971139
1,"1411 Alice St, Oakland, CA 94612",Oakland,CA,94612,,apartment,2,1,777,"$2,877",$3.70,https://sfbay.craigslist.org/eby/apa/d/oakland-effortless-downtown-living-br/7922846360.html,3,3,3,3,3,3,3,100.0,,,,,,,,2,66.7,No,Yes,,Yes,Yes,Yes,,,No,Yes,Yes,No,,,,,,,,,,,,,,,99,88,91,94.1,88.2,A,,$32.63,Top-of-market comp,,,37.80273532395777,-122.26642154384346
1,"Buena Vista Ave., Alameda, CA 94501",Alameda,CA,94501,,apartment,2,1,900,"$2,550",$2.83,https://sfbay.craigslist.org/eby/apa/d/alameda-live-peacefully-in-the-heart-of/7922123062.html,2,,2,2,2,2,2,66.7,,,,,,,,2,66.7,,Yes,,No,,Yes,,,No,Yes,,,,,,,,,,,,,,,,,86,49,74,72.5,68.3,C,,$37.34,Review,,,37.7713902,-122.2470347
1,"22160 Center Street, Castro Valley, CA 94546",Castro Valley,CA,94546,,apartment,2,1,977,"$2,673",$2.74,https://sfbay.craigslist.org/eby/apa/d/hayward-castro-valley-ca-on-site/7922397858.html,3,3,2,3,2,3,3,90.5,,,,,,,,2,66.7,Yes,Yes,,No,Yes,Yes,,,No,Yes,Yes,Yes,,,,,,,,,,,,,,,71,38,42,55.3,73.4,B,,$36.40,Review,,,37.688555,-122.062203
1,"15267 Hesperian Blvd, San Leandro, CA 94578",San Leandro,CA,94578,,apartment,2,1,838,"$2,581",$3.08,https://sfbay.craigslist.org/eby/apa/d/san-leandro-effortless-living-br-home/7922833520.html,3,3,2,2,3,3,3,90.5,,,,,,,,2,66.7,Yes,Yes,,No,Yes,Yes,,,No,Yes,Yes,Yes,,,,,,,,,,,,,,,76,65,68,71.1,77.8,B,,$33.17,Review,,,37.6949777,-122.1304232
1,"1820 Santa Clara Avenue, Alameda, CA 94501",Alameda,CA,94501,,apartment,2,1,,"$2,250",,https://sfbay.craigslist.org/eby/apa/d/alameda-ground-level-unit-vinyl/7922820128.html,2,1,2,1,1,2,2,52.4,,,,,,,,,,No,Yes,,No,Yes,No,,,No,No,No,No,,,,,,,,,,,,,,,85,47,84,73.4,60.8,C,,$37.01,Review,,,37.770059,-122.2538449
1,"2010 San Jose Ave., Alameda, CA 94501",Alameda,CA,94501,,apartment,2,1,800,"$2,425",$3.03,https://sfbay.craigslist.org/eby/apa/d/alameda-central-alameda-spacious-clean/7919811395.html,1,1,2,1,1,1,2,42.9,,,,,,,,2,66.7,No,Yes,,No,Yes,No,,,No,No,No,No,,,,,,,,,,,,,,,79,47,71,67.8,57.1,C,,$42.50,Review,,,37.7646321,-122.2548291
1,"101 Crolls Garden ct., alameda, CA 94501",Alameda,CA,94501,,apartment,2,1,900,"$2,550",$2.83,https://sfbay.craigslist.org/eby/apa/d/alameda-105-crolls-garden-ct/7922143614.html,1,2,1,1,2,2,2,52.4,,,,,,,,2,66.7,Yes,Yes,,No,Yes,No,,,No,No,No,Yes,,,,,,,,,,,,,,,89,48,87,76.3,63.4,C,,$40.23,High-location / low-quality opportunity,,,37.769572,-122.274837
1,"Walker Avenue, Oakland, CA 94610",Oakland,CA,94610,,apartment,2,1,975,"$2,895",$2.97,https://sfbay.craigslist.org/eby/apa/d/oakland-piedmont-border-nice-2br-1ba/7921939113.html,2,2,3,2,2,2,2,71.4,,,,,,,,2,66.7,Yes,Yes,,No,No,Yes,,,Yes,No,No,Yes,,,,,,,,,,,,,,,97,52,67,77.5,71.7,B,,$40.40,Review,,,37.8142773,-122.2451774
1,"609 23rd st, Oakland, CA 94612",Oakland,CA,94612,,apartment,2,1,1000,"$2,200",$2.20,https://sfbay.craigslist.org/eby/apa/d/oakland-bedroom-bath/7922796935.html,2,2,2,3,3,2,2,76.2,,,,,,,,3,100.0,,Yes,,No,,No,,,No,Yes,Yes,,,,,,,,,,,,,,,,96,78,97,90.8,87.5,A,,$25.14,Top-of-market comp,,,37.812908,-122.271806
1,"9316 Oscar Ave, Oakland, CA 94603",Oakland,CA,94603,,apartment,2,1,700,"$2,000",$2.86,https://sfbay.craigslist.org/eby/apa/d/oakland-2bd-1ba-apt-remodeled-kitchen/7922796392.html,1,2,2,1,2,1,1,47.6,,,,,,,,2,66.7,,Yes,,No,,No,,,No,No,No,,,,,,,,,,,,,,,,67,44,60,58.7,56.5,C,,$35.39,Review,,,37.73921809752602,-122.18677145297983
1,"1537 63rd Street, Berkeley, CA 94703",Berkeley,CA,94703,,apartment,2,1,970,"$2,875",$2.96,https://sfbay.craigslist.org/eby/apa/d/oakland-large-two-bedroom-one-bath/7921775493.html,2,2,2,3,2,2,2,71.4,,,,,,,,2,66.7,,Yes,,Yes,Yes,No,,,No,Yes,Yes,,,,,,,,,,,,,,,,92,62,97,84.0,73.5,B,,$39.13,Review,,,37.8474269,-122.2760741
1,"22160 Center Street, Castro Valley, CA 94546",Castro Valley,CA,94546,,apartment,2,1,977,"$2,655",$2.72,https://sfbay.craigslist.org/eby/apa/d/hayward-dog-park-bd-ba-located-in/7921958093.html,3,3,2,3,2,2,3,85.7,,,,,,,,2,66.7,,Yes,,No,,Yes,,,No,Yes,Yes,,,,,,,,,,,,,,,,71,38,42,55.3,71.4,B,,$37.16,Review,,,37.688555,-122.062203
1,"1211 Lincoln Ave #B, Alameda, CA 94501",Alameda,CA,94501,B,apartment,2,1,,"$2,650",,https://sfbay.craigslist.org/eby/apa/d/alameda-1211-lincoln-ave-bedroom-bath/7921043552.html,3,2,2,3,3,1,2,76.2,,,,,,,,,,Yes,Yes,,Yes,No,Yes,,,No,Yes,Yes,Yes,,,,,,,,,,,,,,,82,48,81,71.6,74.4,B,,$35.64,Review,,,,
1,"2134 Clinton Ave, Alameda, CA 94501",Alameda,CA,94501,,apartment,2,1,,"$2,950",,https://sfbay.craigslist.org/eby/apa/d/alameda-2134-clinton-ave-bedroom/7921072842.html,2,2,3,3,2,2,2,76.2,,,,,,,,,,Yes,Yes,,Yes,Yes,Yes,,,Yes,No,No,Yes,,,,,,,,,,,,,,,80,48,70,68.4,73.1,B,,$40.37,Review,,,37.7620855,-122.2515017
1,"528 Merritt Ave #208, Oakland, CA 94610",Oakland,CA,94610,208,apartment,2,1,,"$2,850",,https://sfbay.craigslist.org/eby/apa/d/oakland-528-merritt-ave-bedroom-bath/7920834471.html,2,2,2,3,3,2,,77.8,,,,,,,,,,No,Yes,,No,Yes,,,,No,,Yes,No,,,,,,,,,,,,,,,95,58,71,79.1,78.3,B,,$36.40,Review,,,37.8071748,-122.2471897
1,"1517 Willow St, Alameda, CA 94501",Alameda,CA,94501,,apartment,2,1,,"$2,800",,https://sfbay.craigslist.org/eby/apa/d/oakland-1517-willow-st-bedroom-bath/7920797790.html,2,1,2,2,1,2,2,57.1,,,,,,,,,,Yes,Yes,,Yes,Yes,No,,,Yes,No,No,Yes,,,,,,,,,,,,,,,91,50,77,75.9,64.6,C,,$43.31,High-location / low-quality opportunity,,,37.7690872,-122.2487897
1,"1724 Lincoln Ave #B, Alameda, CA 94501",Alameda,CA,94501,B,apartment,2,1,,"$2,250",,https://sfbay.craigslist.org/eby/apa/d/alameda-1724-lincoln-ave-bedroom-bath/7920593544.html,2,2,2,3,2,2,2,71.4,,,,,,,,,,Yes,Yes,,No,No,No,,,Yes,No,Yes,Yes,,,,,,,,,,,,,,,81,47,86,71.8,71.6,B,,$31.43,Review,,,,
1,"2228 Lincoln Ave #K, Alameda, CA 94501",Alameda,CA,94501,K,apartment,2,1,,"$2,350",,https://sfbay.craigslist.org/eby/apa/d/oakland-2228-lincoln-ave-bedroom/7920593469.html,1,2,2,2,2,2,2,61.9,,,,,,,,,,,Yes,,No,Yes,Yes,,,No,No,No,,,,,,,,,,,,,,,,94,51,80,78.3,68.5,C,,$34.33,High-location / low-quality opportunity,,,37.767544,-122.2444156
1,"1501 Verdi St #B, Alameda, CA 94501",Alameda,CA,94501,B,apartment,2,1,,"$2,600",,https://sfbay.craigslist.org/eby/apa/d/alameda-1501-verdi-st-bedroom-bath/7918826542.html,2,2,2,2,1,2,2,61.9,,,,,,,,,,Yes,Yes,,No,Yes,Yes,,,No,No,No,Yes,,,,,,,,,,,,,,,88,49,77,74.1,66.8,C,,$38.93,Review,,,37.773056,-122.267233
1,"610 Santa Clara Ave #B, Alameda, CA 94501",Alameda,CA,94501,B,apartment,2,1,,"$2,750",,https://sfbay.craigslist.org/eby/apa/d/alameda-610-santa-clara-ave-bedroom-bath/7918412948.html,2,2,2,2,2,2,2,66.7,,,,,,,,,,,Yes,,Yes,Yes,No,,,Yes,Yes,Yes,,,,,,,,,,,,,,,,91,49,85,77.2,70.9,B,,$38.80,Review,,,,
1,"22160 Center Street, Castro Valley, CA 94546",Castro Valley,CA,94546,,apartment,2,1,900,"$2,524",$2.80,https://sfbay.craigslist.org/eby/apa/d/hayward-bed-dual-sink-vanities/7921834420.html,3,2,2,2,2,2,3,76.2,,,,,,,,2,66.7,Yes,Yes,,No,Yes,Yes,,,No,Yes,Yes,Yes,,,,,,,,,,,,,,,71,38,42,55.3,67.5,C,,$37.41,Review,,,37.688555,-122.062203
1,"2232 Haste Street, Berkeley, CA 94704",Berkeley,CA,94704,Street,apartment,2,1,600,"$2,895",$4.83,https://sfbay.craigslist.org/eby/apa/d/berkeley-br-ba-available-open-house/7920507353.html,1,2,1,1,2,2,2,52.4,,,,,,,,1,33.3,,Yes,,No,No,No,,,No,Yes,Yes,,,,,,,,,,,,,,,,96,69,96,87.9,56.4,C,,$51.31,High-location / low-quality opportunity,,,37.865128,-122.263863
1,"2325 McKinley Ave, Berkeley, Ca., Berkeley, CA 94703",Berkeley,CA,94703,,apartment,2,1,,"$3,495",,https://sfbay.craigslist.org/eby/apa/d/berkeley-remodeled-loft-style-apartment/7922742510.html,3,3,3,3,3,2,3,95.2,,,,,,,,,,Yes,Yes,,No,,Yes,,,Yes,Yes,Yes,Yes,,,,,,,,,,,,,,,88,70,97,84.4,90.9,A,,$38.45,Top-of-market comp,,,37.865895,-122.27322
1,"22160 Center Street, Castro Valley, CA 94546",Castro Valley,CA,94546,,apartment,2,1,977,"$2,655",$2.72,https://sfbay.craigslist.org/eby/apa/d/hayward-bd-lush-landscaping-located-in/7921863726.html,3,2,2,2,2,2,3,76.2,,,,,,,,2,66.7,Yes,Yes,,No,Yes,Yes,,,No,Yes,Yes,Yes,,,,,,,,,,,,,,,71,38,42,55.3,67.5,C,,$39.35,Review,,,37.688555,-122.062203
1,"Hearst, Berkeley, CA 94702",Berkeley,CA,94702,,apartment,2,1,802,"$3,700",$4.61,https://sfbay.craigslist.org/eby/apa/d/berkeley-3700x-2br-berkeley-garden/7922738184.html,2,2,2,2,2,2,2,66.7,,,,,,,,2,66.7,Yes,Yes,,No,,,,,Yes,,,Yes,,,,,,,,,,,,,,,89,64,99,83.5,71.3,B,,$51.86,Review,,,37.865777,-122.286321
1,"20019 San Miguel Ave, Castro Valley, CA 94546",Castro Valley,CA,94546,,apartment,2,1,900,"$2,550",$2.83,https://sfbay.craigslist.org/eby/apa/d/hayward-live-in-the-of-castro-valley/7922735173.html,2,2,2,3,2,2,2,71.4,,,,,,,,2,66.7,Yes,Yes,,No,Yes,Yes,,,No,No,Yes,Yes,,,,,,,,,,,,,,,80,37,57,62.5,67.5,C,,$37.78,Review,,,37.699732,-122.08132
1,"apgar, oakland, CA 94608",Oakland,CA,94608,,apartment,2,1,700,"$2,200",$3.14,https://sfbay.craigslist.org/eby/apa/d/emeryville-2br-1ba-927-apgar-st-oakland/7922722695.html,2,2,2,1,3,2,2,66.7,,,,,,,,2,66.7,,Yes,,No,Yes,Yes,,,Yes,Yes,Yes,,,,,,,,,,,,,,,,91,74,99,87.5,72.5,B,,$30.36,Review,,,37.8285755,-122.2712099
1,"1815 Spruce Street, Berkeley, CA 94709",Berkeley,CA,94709,,apartment,2,1,1000,"$4,500",$4.50,https://sfbay.craigslist.org/eby/apa/d/berkeley-huge-and-2-block-from-uc/7922720082.html,1,1,2,1,1,2,2,47.6,,,,,,,,3,100.0,,Yes,,No,,No,,,Yes,No,No,,,,,,,,,,,,,,,,95,70,81,84.7,73.9,B,,$60.87,High-location / low-quality opportunity,,,37.8752624,-122.2651851
1,"3814 39th Ave #106, Oakland, CA 94619",Oakland,CA,94619,106,apartment,2,1,,"$2,000",,https://sfbay.craigslist.org/eby/apa/d/oakland-coming-soon-beds-bath-in-laurel/7921091338.html,2,2,1,1,2,2,2,57.1,,,,,,,,,,,Yes,,No,Yes,Yes,,,No,Yes,Yes,,,,,,,,,,,,,,,,87,50,62,70.9,62.6,C,,$31.93,Review,,,37.7919153,-122.1939442
1,"3814 39th Ave #204, Oakland, CA 94619",Oakland,CA,94619,204,apartment,2,1,,"$2,000",,https://sfbay.craigslist.org/eby/apa/d/oakland-coming-soon-beds-bath-in-laurel/7919766039.html,2,2,1,1,2,2,2,57.1,,,,,,,,,,,Yes,,No,Yes,Yes,,,No,Yes,Yes,,,,,,,,,,,,,,,,87,50,62,70.9,62.6,C,,$31.93,Review,,,37.7919153,-122.1939442
1,"3806 39th Ave #3, Oakland, CA 94619",Oakland,CA,94619,3,apartment,2,1,,"$2,250",,https://sfbay.craigslist.org/eby/apa/d/oakland-bedroom-apartment-with-garage/7922712905.html,3,2,2,3,2,3,3,85.7,,,,,,,,,,,Yes,,No,Yes,No,,,No,Yes,Yes,,,,,,,,,,,,,,,,89,50,64,72.3,80.3,B,,$28.00,Review,,,37.7915727,-122.1938883
1,"3806 39th Ave #7, Oakland, CA 94619",Oakland,CA,94619,7,apartment,2,1,,"$2,250",,https://sfbay.craigslist.org/eby/apa/d/oakland-large-bedroom-apartment-unit/7918211181.html,3,2,2,3,2,3,3,85.7,,,,,,,,,,No,Yes,,No,Yes,No,,,No,Yes,Yes,No,,,,,,,,,,,,,,,89,50,64,72.3,80.3,B,,$28.00,Review,,,37.7915727,-122.1938883
1,"1319 159th Avenue, San Leandro, CA 94578",San Leandro,CA,94578,,apartment,2,1,800,"$2,915",$3.64,https://sfbay.craigslist.org/eby/apa/d/san-leandro-limited-time-one-month-free/7922680538.html,2,,2,2,2,2,2,66.7,,,,,,,,2,66.7,Yes,Yes,,No,,Yes,,,No,Yes,,Yes,,,,,,,,,,,,,,,64,55,30,54.5,63.3,C,,$46.06,Review,,,37.702315,-122.118933
1,"13897-13931 Doolittle Dr, San Leandro, CA 94577",San Leandro,CA,94577,,apartment,2,1,750,"$2,383",$3.18,https://sfbay.craigslist.org/eby/apa/d/san-leandro-two-bedroom-available-for/7922667508.html,3,,2,2,2,2,2,72.2,,,,,,,,2,66.7,,Yes,,No,,No,,,No,Yes,,,,,,,,,,,,,,,,,67,30,72,56.9,66.3,C,,$35.96,Review,,,37.698310732472976,-122.17604588021496
1,"777 Taylor Ave #307, Alameda, CA 94501",Alameda,CA,94501,307,apartment,2,1,750,"$2,395",$3.19,https://sfbay.craigslist.org/eby/apa/d/alameda-bedroom-top-floor-elevator/7922659438.html,2,2,2,2,2,2,2,66.7,,,,,,,,2,66.7,Yes,Yes,,No,Yes,No,,,No,Yes,No,Yes,,,,,,,,,,,,,,,92,49,83,77.3,69.6,C,,$34.40,Review,,,37.77238514804387,-122.27345827919424
1,"2087 Delaware St, Berkeley, CA 94709",Berkeley,CA,94709,,apartment,2,1,,"$1,090",,https://sfbay.craigslist.org/eby/apa/d/berkeley-2087-delaware-st-wood-flooring/7922653742.html,2,2,2,2,2,2,2,66.7,,,,,,,,,,No,Yes,,No,No,No,,,Yes,Yes,Yes,No,,,,,,,,,,,,,,,99,71,95,89.8,75.9,B,,$14.36,Review,,,37.8748577,-122.2689767
1,"1730 Stuart Street, Berkeley, CA 94703",Berkeley,CA,94703,,apartment,2,1,,"$2,600",,https://sfbay.craigslist.org/eby/apa/d/berkeley-br-ba-friendly-quiet-location/7922660445.html,2,2,2,1,2,2,2,61.9,,,,,,,,,,Yes,Yes,,No,Yes,No,,,Yes,Yes,Yes,Yes,,,,,,,,,,,,,,,86,65,97,81.9,69.9,C,,$37.19,High-location / low-quality opportunity,,,37.8573499,-122.2738938
1,"1724 15th ave, Oakland, CA 94606",Oakland,CA,94606,,apartment,2,1,900,"$2,000",$2.22,https://sfbay.craigslist.org/eby/apa/d/oakland-duplex-for-rent/7919280022.html,1,1,2,1,2,1,1,42.9,,,,,,,,2,66.7,,Yes,,No,,No,,,No,No,Yes,,,,,,,,,,,,,,,,89,56,86,78.5,60.0,C,,$33.31,High-location / low-quality opportunity,,,37.7917056,-122.2422981
1,"22160 Center Street, Castro Valley, CA 94546",Castro Valley,CA,94546,,apartment,2,1,977,"$2,655",$2.72,https://sfbay.craigslist.org/eby/apa/d/hayward-fireplace-entry-closet-large/7922184483.html,3,2,2,2,2,2,3,76.2,,,,,,,,2,66.7,Yes,Yes,,No,Yes,Yes,,,No,Yes,Yes,Yes,,,,,,,,,,,,,,,71,38,42,55.3,67.5,C,,$39.35,Review,,,37.688555,-122.062203
1,"4801 Shattuck Ave, Oakland, CA 94609",Oakland,CA,94609,,apartment,2,1,899,"$3,220",$3.58,https://sfbay.craigslist.org/eby/apa/d/oakland-ask-us-about-our-move-in/7921569718.html,3,3,3,3,3,3,3,100.0,,,,,,,,2,66.7,Yes,Yes,,Yes,Yes,Yes,,,No,Yes,Yes,Yes,,,,,,,,,,,,,,,98,68,93,88.0,86.5,A,,$37.23,Top-of-market comp,,,37.83531887683374,-122.26372666894622
1,"MLK, Berkeley, CA 94708",Berkeley,CA,94708,,apartment,2,1,,"$2,400",,https://sfbay.craigslist.org/eby/apa/d/berkeley-lovely-complex-near-all-north/7918492105.html,2,,2,2,2,2,2,66.7,,,,,,,,,,No,Yes,,No,Yes,No,,,Yes,Yes,,No,,,,,,,,,,,,,,,39,40,34,38.3,55.3,C,,$43.38,Review,,,37.888474493,-122.25994918
1,"4801 Shattuck Ave, Oakland, CA 94609",Oakland,CA,94609,,apartment,2,1,899,"$3,220",$3.58,https://sfbay.craigslist.org/eby/apa/d/oakland-ask-us-about-our-move-in/7921672431.html,3,3,3,3,3,3,3,100.0,,,,,,,,2,66.7,Yes,Yes,,Yes,Yes,Yes,,,No,Yes,Yes,Yes,,,,,,,,,,,,,,,98,68,93,88.0,86.5,A,,$37.23,Top-of-market comp,,,37.83531887683374,-122.26372666894622
1,"Rilea Way, Oakland, CA 94605",Oakland,CA,94605,,apartment,2,1,800,"$2,350",$2.94,https://sfbay.craigslist.org/eby/apa/d/oakland-oakland-hills-4plex-laundry/7920135486.html,2,2,1,1,2,2,2,57.1,,,,,,,,2,66.7,,Yes,,No,Yes,Yes,,,No,No,No,,,,,,,,,,,,,,,,29,27,18,26.2,51.5,D,,$45.67,Review,,,37.7714207,-122.1510289
1,"87th Ave, Oakland, CA 94621",Oakland,CA,94621,,apartment,2,1,900,"$2,495",$2.77,https://sfbay.craigslist.org/eby/apa/d/oakland-charming-updated-home-bright/7920139787.html,2,3,2,2,2,2,3,76.2,,,,,,,,2,66.7,Yes,Yes,,Yes,Yes,No,,,No,Yes,Yes,Yes,,,,,,,,,,,,,,,75,55,59,65.8,70.4,B,,$35.44,Review,,,37.7536601,-122.171616
1,"Prentiss St, Oakland, CA 94601",Oakland,CA,94601,,apartment,2,1,800,"$2,395",$2.99,https://sfbay.craigslist.org/eby/apa/d/oakland-refreshed-4plex-new-appliances/7920135633.html,2,2,2,2,2,2,3,71.4,,,,,,,,2,66.7,,Yes,,No,Yes,No,,,No,Yes,Yes,,,,,,,,,,,,,,,,80,55,59,68.3,69.1,C,,$34.66,Review,,,37.788383,-122.2187294
1,"84th, Oakland, CA 94621",Oakland,CA,94621,,apartment,2,1,,"$2,195",,https://sfbay.craigslist.org/eby/apa/d/oakland-completely-renovated-rear-unit/7920135370.html,2,2,3,2,2,2,2,71.4,,,,,,,,,,Yes,Yes,,No,Yes,No,,,Yes,Yes,Yes,Yes,,,,,,,,,,,,,,,71,56,62,64.7,68.7,C,,$31.93,Review,,,37.756013,-122.174518
1,"Berkeley way, Berkeley, CA 94701",Berkeley,CA,94701,,apartment,2,1,,"$3,100",,https://sfbay.craigslist.org/eby/apa/d/berkeley-north-berkeley-bd-bath/7920103071.html,2,2,2,1,3,2,3,71.4,,,,,,,,,,,Yes,,No,Yes,No,,,Yes,Yes,Yes,,,,,,,,,,,,,,,,90,68,98,85.0,76.9,B,,$40.33,Review,,,37.8713472,-122.2817926
1,"Ridge Rd., Berkeley (Northside), CA 94709",Berkeley (Northside),CA,94709,,apartment,2,1,,"$3,875",,https://sfbay.craigslist.org/eby/apa/d/berkeley-quiet-oasis-charm-for-ucb/7920965306.html,2,2,2,2,2,2,2,66.7,,,,,,,,,,Yes,Yes,,No,,No,,,Yes,Yes,No,Yes,,,,,,,,,,,,,,,88,64,71,77.4,71.0,B,,$54.61,Review,,,37.8761078,-122.2597557
1,"Bonita, Berkeley, CA 94709",Berkeley,CA,94709,,apartment,2,1,600,"$2,750",$4.58,https://sfbay.craigslist.org/eby/apa/d/berkeley-north-berkeley-newly-remodeled/7921461317.html,2,2,2,2,2,1,2,61.9,,,,,,,,1,33.3,No,Yes,,No,,No,,,Yes,Yes,Yes,No,,,,,,,,,,,,,,,95,64,87,84.1,59.3,C,,$46.34,High-location / low-quality opportunity,,,37.879234,-122.266839
1,"2251 Clinton Avenue #D, Alameda, CA 94501",Alameda,CA,94501,D,apartment,2,1,1000,"$2,800",$2.80,https://sfbay.craigslist.org/eby/apa/d/alameda-garden-style-bedroom-centrally/7922545185.html,3,2,2,3,3,2,3,85.7,,,,,,,,3,100.0,Yes,Yes,,No,Yes,Yes,,,No,Yes,Yes,Yes,,,,,,,,,,,,,,,89,48,75,73.9,86.8,A,,$32.26,Top-of-market comp,,,37.7611454,-122.2480438
1,"spaulding, Berkeley, CA 94703",Berkeley,CA,94703,,apartment,2,1,,"$2,495",,https://sfbay.craigslist.org/eby/apa/d/berkeley-lovely-upper-unit-br-apartment/7922541917.html,2,2,2,1,2,2,1,57.1,,,,,,,,,,,Yes,,No,Yes,No,,,No,Yes,,,,,,,,,,,,,,,,,85,67,97,82.0,67.1,C,,$37.19,High-location / low-quality opportunity,,,37.8658907,-122.2804672
1,"1919 Manchester rd, San Leandro, CA 94587",San Leandro,CA,94587,r,apartment,2,1,1050,"$1,857",$1.77,https://sfbay.craigslist.org/eby/apa/d/san-leandro-affordable-housing/7922541372.html,2,2,2,2,2,2,2,66.7,,,,,,,,3,100.0,No,Yes,,No,Yes,No,,,No,No,Yes,No,,,,,,,,,,,,,,,58,49,27,49.1,72.0,B,,$25.80,Review,,,37.7057685,-122.1151605
1,"1919 Manchester rd, San Leandro, CA 94587",San Leandro,CA,94587,r,apartment,2,1,1050,"$1,910",$1.82,https://sfbay.craigslist.org/eby/apa/d/san-leandro-two-bedroom-two-bathroom/7922541139.html,2,2,2,2,2,2,2,66.7,,,,,,,,3,100.0,No,Yes,,No,Yes,No,,,No,No,Yes,No,,,,,,,,,,,,,,,58,49,27,49.1,72.0,B,,$26.54,Review,,,,
1,"22160 Center Street, Castro Valley, CA 94546",Castro Valley,CA,94546,,apartment,2,1,900,"$2,724",$3.03,https://sfbay.craigslist.org/eby/apa/d/hayward-private-balcony-patio-2bd-1ba/7922092581.html,3,3,3,3,2,3,3,95.2,,,,,,,,2,66.7,Yes,Yes,,No,Yes,Yes,,,No,Yes,Yes,Yes,,,,,,,,,,,,,,,71,38,42,55.3,75.4,B,,$36.12,Review,,,37.688555,-122.062203
1,"1195 Santa Ana Street, San Lorenzo, CA 94580",San Lorenzo,CA,94580,,apartment,2,1,829,"$2,325",$2.80,https://sfbay.craigslist.org/eby/apa/d/san-leandro-san-lorenzo-duplex-rental/7922531033.html,2,,2,2,2,2,2,66.7,,,,,,,,2,66.7,,Yes,,No,,Yes,,,Yes,Yes,,,,,,,,,,,,,,,,,78,57,53,66.7,66.7,C,,$34.87,Review,,,37.693677,-122.114434
1,"2020 Kittredge St, Berkeley, CA 94704",Berkeley,CA,94704,,apartment,2,1,,"$3,480",,https://sfbay.craigslist.org/eby/apa/d/berkeley-views-of-the-san-francisco-bay/7920818935.html,3,3,2,3,2,3,3,90.5,,,,,,,,,,Yes,Yes,,No,No,Yes,,,No,Yes,Yes,Yes,,,,,,,,,,,,,,,99,72,99,90.9,90.6,A,,$38.39,Top-of-market comp,,,37.8681572,-122.2698052
1,"2020 Kittredge St, Berkeley, CA 94704",Berkeley,CA,94704,,apartment,2,1,,"$3,480",,https://sfbay.craigslist.org/eby/apa/d/berkeley-wood-style-flooring-workspaces/7922522225.html,3,3,2,3,2,3,3,90.5,,,,,,,,,,Yes,Yes,,No,No,Yes,,,No,Yes,Yes,Yes,,,,,,,,,,,,,,,99,72,99,90.9,90.6,A,,$38.39,Top-of-market comp,,,37.8681572,-122.2698052
1,"2226 Channing Way Apt 5, Berkeley, CA 94704",Berkeley,CA,94704,5,apartment,2,1,,"$3,995",,https://sfbay.craigslist.org/eby/apa/d/berkeley-extra-large-two-bedroom-bath/7922516904.html,2,2,2,2,2,2,2,66.7,,,,,,,,,,,Yes,,Yes,No,No,,,No,No,Yes,,,,,,,,,,,,,,,,97,70,95,88.5,75.4,B,,$52.98,Review,,,37.866039,-122.264163
1,385 14th St,Oakland,CA,94606,,apartment,2,1,905,4012,,https://www.redfin.com/CA/Oakland/Atlas/apartment/168796063,3,2,3,3,3,3,3,95.2,2,,3,3,,,,2,83.3,Yes,Yes,Yes,Yes,No,Yes,Yes,Yes,Yes,Yes,Yes,No,,,,,,,,,,,,,,83.3,100,89,90,94.7,89.4,A,16.7,$44.90,Top-of-market comp,,,37.80382929105813,-122.26959737297659
1,386 14th St,Oakland,CA,94606,,apartment,2,1,950,4132,,https://www.redfin.com/CA/Oakland/Atlas/apartment/168796063,3,3,3,3,3,3,3,100.0,2,,3,3,,,,2,83.3,Yes,Yes,Yes,Yes,No,Yes,Yes,Yes,Yes,Yes,Yes,No,,,,,,,,,,,,,,83.3,100,89,90,94.7,90.8,A,16.7,$45.49,Top-of-market comp,,,37.8038346659047,-122.26961118554186
1,40 Harrison St,Oakland,CA,94607,,apartment,2,1,925,2940,,https://www.redfin.com/CA/Oakland/Channel-House/apartment/192202038,3,3,3,3,3,3,3,100.0,2,,3,2,,,,2,75.0,Yes,Yes,Yes,Yes,,Yes,Yes,Yes,Yes,Yes,Yes,No,,,,,,,,,,,,,,,96,83,83,89.5,89.4,A,,$32.87,Top-of-market comp,,,37.7932883,-122.2728895
1,1311 Magnolia St Unit 1424320P,Oakland,CA,94607,,duplex,2,1,—,5066,,https://www.redfin.com/CA/Oakland/1311-Magnolia-St-94607/unit-1424320P/home/200382646,2,2,3,3,2,2,2,76.2,2,,3,2,,,,3,83.3,Yes,Yes,,Yes,Yes,Yes,Yes,No,Yes,Yes,No,Yes,,,,,,,,,,,,,,,77,72,98,79.7,79.3,B,,$63.85,Review,,,37.8094151,-122.2876625
1,5110 Telegraph Ave,Oakland,CA,94609,,apartment,2,1,1199,4541,,https://www.redfin.com/CA/Oakland/5110-Telegraph-Ave-94609/home/175926209,3,3,3,3,3,3,3,100.0,3,,3,3,,,,3,100.0,Yes,Yes,Yes,Yes,,Yes,Yes,Yes,Yes,Yes,Yes,No,,,,,,,,,,,,,,,98,66,92,87.2,96.4,A,,$47.08,Top-of-market comp,,,37.8378618,-122.2618595
1,260 Brooklyn Basin Way,Oakland,CA,NA,,apartment,2,1,1011,3684,,https://www.redfin.com/CA/Oakland/260-Brooklyn-Basin-Way-94606/home/188567319,3,3,3,3,3,3,3,100.0,3,,3,3,,,,3,100.0,Yes,Yes,Yes,Yes,No,Yes,Yes,Yes,Yes,Yes,Yes,No,,,,,,,,,,,,,,83.3,60,63,86,66.1,88.7,A,16.7,$41.53,Top-of-market comp,,,,
1,260 Brooklyn Basin Way,Oakland,CA,NA,,apartment,2,1,1175,4559,,https://www.redfin.com/CA/Oakland/260-Brooklyn-Basin-Way-94606/home/188567319,3,3,3,3,3,3,3,100.0,3,,3,3,,,,3,100.0,Yes,Yes,Yes,Yes,No,Yes,Yes,Yes,Yes,Yes,Yes,No,,,,,,,,,,,,,,83.3,60,63,86,66.1,88.7,A,16.7,$51.39,Top-of-market comp,,,37.8044557,-122.271356
1,325 27th St,Oakland,CA,94612,,apartment,2,1,1229,3992,,https://www.redfin.com/CA/Oakland/Hanover-Broadway/apartment/177358266,3,3,3,3,3,3,3,100.0,2,,3,3,,,,3,91.7,Yes,Yes,Yes,Yes,,Yes,Yes,Yes,Yes,Yes,Yes,No,,,,,,,,,,,,,,,97,73,97,89.8,94.6,A,,$42.19,Top-of-market comp,,,37.81518716206432,-122.26352083096751
1,325 27th St,Oakland,CA,94612,,apartment,2,1,1151,4130,,https://www.redfin.com/CA/Oakland/Hanover-Broadway/apartment/177358266,3,3,3,3,3,3,3,100.0,2,,3,3,,,,3,91.7,Yes,Yes,Yes,Yes,,Yes,Yes,Yes,Yes,Yes,Yes,No,,,,,,,,,,,,,,,97,73,97,89.8,94.6,A,,$43.65,Top-of-market comp,,,37.81518716206432,-122.26352083096751
1,325 27th St,Oakland,CA,94612,,apartment,2,1,1229,4280,,https://www.redfin.com/CA/Oakland/Hanover-Broadway/apartment/177358266,3,3,3,3,3,3,3,100.0,2,,3,3,,,,3,91.7,Yes,Yes,Yes,Yes,,Yes,Yes,Yes,Yes,Yes,Yes,No,,,,,,,,,,,,,,,97,73,97,89.8,94.6,A,,$45.23,Top-of-market comp,,,37.81518716206432,-122.26352083096751
1,2330 Webster St,Oakland,CA,94612,,apartment,2,1,968,3730,,https://www.redfin.com/CA/Oakland/2330-Webster-St-94612/home/175925682,3,3,3,3,3,3,3,100.0,2,,3,3,,,,2,83.3,Yes,Yes,Yes,Yes,Yes,Yes,Yes,Yes,Yes,Yes,Yes,Yes,,,,,,,,,,,,,,100.0,99,78,97,92.3,94.6,A,0.0,$39.42,Top-of-market comp,,,37.81242022461214,-122.2650394897914
1,2330 Webster St,Oakland,CA,94612,,apartment,2,1,1042,3744,,https://www.redfin.com/CA/Oakland/2330-Webster-St-94612/home/175925682,3,3,3,3,3,3,3,100.0,2,,3,3,,,,3,91.7,Yes,Yes,Yes,Yes,Yes,Yes,Yes,Yes,Yes,Yes,Yes,Yes,,,,,,,,,,,,,,100.0,99,78,97,92.3,96.5,A,0.0,$38.79,Top-of-market comp,,,37.81242022461214,-122.2650394897914
1,2122 Lakeshore Ave,Oakland,CA,94606,,apartment,2,1,"1,500",3795,,https://www.redfin.com/CA/Oakland/2122-Lakeshore-Ave-94606/apartment/1188612,2,2,3,3,2,2,2,76.2,2,,2,3,,,,3,83.3,Yes,Yes,No,Yes,Yes,No,No,Yes,Yes,Yes,No,No,,,,,,,,,,,,,,58.3,92,62,77,80.0,74.0,B,41.7,$51.29,Review,,,37.8046051,-122.2504779
1,3061 Adeline St Unit 3057,Berkeley,CA,94703,,apartment,2,1,—,3395,,https://www.redfin.com/CA/Berkeley/3061-Adeline-St-94703/unit-3057/home/200407877,2,2,3,3,2,3,3,85.7,3,,2,2,,,,3,83.3,Yes,Yes,,Yes,,Yes,Yes,Yes,Yes,Yes,No,Yes,,,,,,,,,,,,,,,95,62,98,85.7,85.0,B,,$39.95,Review,,,37.853145,-122.269271
1,1401 Jackson St,Oakland,CA,94612,,apartment,2,1,760,2845,,https://www.redfin.com/CA/Oakland/Jackson-Courtyard/apartment/177501374,3,3,3,3,2,3,3,95.2,2,,2,2,,,,2,66.7,Yes,Yes,Yes,Yes,,Yes,Yes,Yes,Yes,Yes,Yes,No,,,,,,,,,,,,,,,98,87,92,93.5,86.0,A,,$33.07,Top-of-market comp,,,37.802168,-122.265281
1,1401 Jackson St,Oakland,CA,94612,,apartment,2,1,970,3095,,https://www.redfin.com/CA/Oakland/Jackson-Courtyard/apartment/177501374,3,3,3,3,2,3,3,95.2,2,,2,2,,,,2,66.7,Yes,Yes,Yes,Yes,,Yes,Yes,Yes,Yes,Yes,Yes,No,,,,,,,,,,,,,,,98,87,92,93.5,86.0,A,,$35.98,Top-of-market comp,,,37.802168,-122.265281
1,219 9th Ave,Oakland,CA,94606,,apartment,2,1,915,2707,,https://www.redfin.com/CA/Oakland/Artizan/apartment/112885464,3,3,3,3,3,3,3,100.0,3,,3,3,,,,2,91.7,Yes,Yes,Yes,Yes,,Yes,Yes,Yes,Yes,Yes,Yes,No,,,,,,,,,,,,,,,46,58,74,55.2,85.0,A,,$31.84,Top-of-market comp,,,37.78725859466563,-122.25701975990853
1,540 39th St,Oakland,CA,NA,,apartment,2,1,883,3295,,https://www.redfin.com/CA/Oakland/MacArthur-Commons/apartment/143116143,3,3,3,3,3,3,3,100.0,2,,2,3,,,,2,75.0,Yes,Yes,Yes,Yes,,Yes,Yes,Yes,Yes,Yes,Yes,No,,,,,,,,,,,,,,,95,73,99,89.2,89.4,A,,$36.87,Top-of-market comp,,,37.8044557,-122.271356
1,4801 Shattuck Ave,Oakland,CA,94609,,apartment,2,1,834,3119,,https://www.redfin.com/CA/Oakland/4801-Shattuck-Ave-94609/apartment/143116208,3,3,3,3,3,3,3,100.0,3,,2,3,,,,2,83.3,Yes,Yes,Yes,Yes,Yes,Yes,Yes,Yes,Yes,Yes,Yes,No,,,,,,,,,,,,,,91.7,98,68,93,88.0,91.6,A,8.3,$34.05,Top-of-market comp,,,37.83531887683374,-122.26372666894622
1,4801 Shattuck Ave,Oakland,CA,94609,,apartment,2,1,899,3220,,https://www.redfin.com/CA/Oakland/4801-Shattuck-Ave-94609/apartment/143116208,3,3,3,3,3,3,3,100.0,3,,2,3,,,,2,83.3,Yes,Yes,Yes,Yes,Yes,Yes,Yes,Yes,Yes,Yes,Yes,No,,,,,,,,,,,,,,91.7,98,68,93,88.0,91.6,A,8.3,$35.15,Top-of-market comp,,,37.83531887683374,-122.26372666894622
1,1411 Alice St,Oakland,CA,94612,,apartment,2,1,777,2715,,https://www.redfin.com/CA/Oakland/Alice-House/apartment/172809958,3,3,3,3,3,3,3,100.0,2,,3,2,,,,2,75.0,Yes,Yes,Yes,Yes,Yes,Yes,Yes,Yes,Yes,Yes,Yes,No,,,,,,,,,,,,,,91.7,99,88,91,94.1,91.0,A,8.3,$29.85,Top-of-market comp,,,37.80273532395777,-122.26642154384346
1,302 Newton Ave Unit 302,Oakland,CA,94606,,apartment,2,1,900,3300,,https://www.redfin.com/CA/Oakland/302-Newton-Ave-94606/unit-302/apartment/190826210,2,3,3,3,2,3,3,90.5,2,,3,2,,,,2,75.0,Yes,Yes,Yes,Yes,,Yes,Yes,Yes,Yes,Yes,Yes,Yes,,,,,,,,,,,,,,,92,63,75,79.9,82.8,B,,$39.85,Review,,,37.801645055555554,-122.24858905555556
1,3920 Quigley St,Oakland,CA,94619,,apartment,2,1,850,3275,,https://www.redfin.com/CA/Oakland/3920-Quigley-St-94619/home/747484,3,3,3,3,,3,3,100.0,3,,3,3,,,,2,91.7,No,Yes,Yes,Yes,Yes,Yes,Yes,Yes,Yes,Yes,Yes,,,,,,,,,,,,,,,,91,51,71,75.0,90.5,A,,$36.18,Top-of-market comp,,,37.7894771,-122.1992053
1,1126 Hampel St,Oakland,CA,94602,,apartment,2,1,"1,030",3100,,https://www.redfin.com/CA/Oakland/1126-Hampel-St-94602/home/1117583,2,2,2,3,3,3,2,81.0,3,,2,3,,,,3,91.7,Yes,Yes,Yes,Yes,Yes,Yes,,Yes,Yes,Yes,Yes,Yes,,,,,,,,,,,,,,,81,54,52,67.1,80.4,B,,$38.57,Review,,,37.8075618,-122.225352
1,601 Oakland Ave,Oakland,CA,94611,,apartment,2,1,"1,081",3095,,https://www.redfin.com/CA/Oakland/601-Oakland-Ave-94611/apartment/1328398,2,2,2,3,2,3,2,76.2,2,,3,2,,,,3,83.3,Yes,Yes,No,Yes,,Yes,No,,Yes,Yes,Yes,No,,,,,,,,,,,,,,,88,53,68,73.5,77.6,B,,$39.87,Review,,,37.8206769,-122.2514699
1,1062 55th St Unit A,Oakland,CA,94608,,apartment,2,1,"1,100",2995,,https://www.redfin.com/CA/Oakland/1062-55th-St-94608/unit-A/apartment/200026044,3,3,3,3,2,2,3,90.5,3,,2,2,,,,3,83.3,No,Yes,,,,Yes,Yes,Yes,Yes,Yes,Yes,Yes,,,,,,,,,,,,,,,93,60,98,84.1,86.5,A,,$34.62,Top-of-market comp,,,37.8387848,-122.2805981
1,1130 3rd Ave,Oakland,CA,94606,,apartment,2,1,900,2765,,https://www.redfin.com/CA/Oakland/ReNew-on-Merritt/apartment/180278653,3,3,3,3,2,3,3,95.2,2,,2,2,,,,2,66.7,Yes,Yes,Yes,No,,Yes,No,No,Yes,Yes,Yes,No,,,,,,,,,,,,,,,92,74,97,87.6,84.4,B,,$32.77,Review,,,37.79602880338699,-122.25704234088082
1,95 Linda Ave,Piedmont,CA,94611,,apartment,2,1,—,2895,,https://www.redfin.com/CA/Piedmont/95-Linda-Ave-94611/apartment/1242578,2,2,2,3,2,3,3,81.0,2,,2,2,,,,3,75.0,Yes,Yes,,No,,No,No,Yes,No,Yes,Yes,No,,,,,,,,,,,,,,,96,51,57,74.7,77.4,B,,$37.40,Review,,,37.8252227,-122.248618
1,2049 41st Ave,Oakland,CA,94601,,apartment,2,1,"1,200",2850,,https://www.redfin.com/CA/Oakland/2049-41st-Ave-94601/home/1727676,3,2,3,3,2,3,3,90.5,3,,3,3,,,,3,100.0,,Yes,No,Yes,,Yes,Yes,Yes,Yes,Yes,Yes,No,,,,,,,,,,,,,,,83,60,59,71.3,88.1,A,,$32.36,Top-of-market comp,,,37.7785078,-122.2114641
2,1124 Hampel St,Oakland,CA,94602,,apartment,2,1,"1,030",3100,,https://www.redfin.com/CA/Oakland/1124-Hampel-St-94602/home/200355308,2,2,2,3,,2,3,77.8,2,,2,2,,,,3,75,Yes,Yes,No,Yes,Yes,Yes,,Yes,No,Yes,Yes,Yes,,,,,,,,,,,,,,,81,54,52,67.1,74.0,B,,$41.91,Review,,,37.807486828300675,-122.22538263726331
2,3101 Mabel St,Berkeley,CA,94702,,apartment,2,1,650,3050,,https://www.redfin.com/CA/Berkeley/3101-Mabel-St-94702/apartment/1526370,2,3,3,3,2,3,3,90.5,2,,2,3,,,,1,66.7,No,Yes,Yes,Yes,Yes,Yes,Yes,Yes,Yes,Yes,Yes,No,,,,,,,,,,,,,,83.3,89,60,90,80.5,81.2,B,16.7,$37.57,Review,,,37.850873,-122.283011
2,3205 California St Apt D,Berkeley,CA,94703,,apartment,2,1,750,2895,,https://www.redfin.com/CA/Berkeley/3205-California-St-94703/unit-D/home/200381237,2,2,2,2,3,2,3,76.2,2,,2,2,,,,2,66.7,No,Yes,,No,,No,No,,No,Yes,Yes,No,,,,,,,,,,,,,,,92,62,97,84.0,75.4,B,,$38.37,Review,,,37.849633,-122.2758667
2,257 Athol Ave Unit 6,Oakland,CA,94606,,apartment,2,1,600,2850,,https://www.redfin.com/CA/Oakland/257-Athol-Ave-94606/unit-6/apartment/196344785,2,2,2,3,2,2,3,76.2,2,,2,2,,,,1,58.3,No,Yes,No,No,,Yes,No,,No,Yes,Yes,No,,,,,,,,,,,,,,,91,64,82,81.1,72.1,B,,$39.53,Review,,,37.801292,-122.2498595
2,528 Merritt Ave Unit 208 LU,Oakland,CA,94610,,apartment,2,1,"1,063",2850,,https://www.redfin.com/CA/Oakland/528-Merritt-Ave-94610/unit-208-LU/apartment/200871853,2,2,,3,3,2,,80.0,2,,2,2,,,,3,75.0,Yes,Yes,,No,Yes,No,No,,Yes,Yes,Yes,Yes,,,,,,,,,,,,,,,95,58,71,79.1,78.2,B,,$36.43,Review,,,37.8071748,-122.2471897
2,245 Lee St,Oakland,CA,94610,,apartment,2,1,700,2488,,https://www.redfin.com/CA/Oakland/Lee-Haus/apartment/1909856,2,2,2,3,2,2,3,76.2,2,,2,2,,,,2,66.7,No,Yes,Yes,No,Yes,Yes,Yes,Yes,,Yes,Yes,No,,,,,,,,,,,,,,,91,67,86,82.8,75.1,B,,$33.12,Review,,,37.8131848,-122.2582179
2,671 Vernon St,Oakland,CA,94610,,apartment,2,1,756,2650,,https://www.redfin.com/CA/Oakland/671-Vernon-St-94610/apartment/526408,2,2,2,3,2,2,2,71.4,2,,2,,,,,2,66.7,No,Yes,No,No,,No,No,,No,No,Yes,No,,,,,,,,,,,,,,,85,53,60,70.4,69.7,C,,$38.03,Review,,,37.820191,-122.248705
2,401 Derby Ave,Oakland,CA,94601,,apartment,2,1,962,2631,,https://www.redfin.com/CA/Oakland/401-Derby-Ave-94601/apartment/143116385,3,3,3,3,3,3,3,100.0,3,,2,3,,,,2,83.3,No,Yes,Yes,Yes,Yes,Yes,Yes,,No,Yes,Yes,No,,,,,,,,,,,,,,,85,68,89,80.7,89.5,A,,$29.38,Top-of-market comp,,,37.7718832,-122.2323457
2,1801 Jefferson St,Oakland,CA,94612,,apartment,2,1,874,2780,,https://www.redfin.com/CA/Oakland/Bell-Uptown-District/apartment/112885465,3,3,2,3,3,2,3,90.5,2,,3,3,,,,2,83.3,Yes,Yes,Yes,Yes,Yes,Yes,Yes,,,Yes,Yes,Yes,,,,,,,,,,,,,,,97,84,95,92.7,88.9,A,,$31.27,Top-of-market comp,,,37.80834,-122.273307
2,3567 Davis St,Oakland,CA,94601,,apartment,2,1,800,2800,,https://www.redfin.com/CA/Oakland/3567-Davis-St-94601/home/1041098,2,2,2,2,2,2,3,71.4,2,,2,2,,,,2,66.7,No,Yes,No,Yes,,Yes,Yes,Yes,No,Yes,Yes,,,,,,,,,,,,,,,,70,54,54,62.0,67.4,C,,$41.57,Review,,,37.7848768,-122.2129834
2,225 Clifton St,Oakland,CA,94618,,apartment,2,1,900,2800,,https://www.redfin.com/CA/Oakland/The-Clifton/apartment/112885369,2,2,2,3,2,2,3,76.2,2,,2,2,,,,2,66.7,Yes,Yes,,No,,No,No,,No,Yes,Yes,Yes,,,,,,,,,,,,,,,93,59,54,75.0,72.9,B,,$38.38,Review,,,37.8355568,-122.2499046
2,1220 Haskell St Unit A,Berkeley,CA,94702,,apartment,2,1,900,2800,,https://www.redfin.com/CA/Berkeley/1220-Haskell-St-94702/unit-A/home/196811450,2,2,2,2,2,2,2,66.7,2,,2,2,,,,2,66.7,,Yes,No,No,Yes,No,No,,No,Yes,,,,,,,,,,,,,,,,,91,59,90,81.2,70.7,B,,$39.60,Review,,,37.850536,-122.284995
2,1431 Linden St Unit B LU,Oakland,CA,94607,,apartment,2,1,—,2800,,https://www.redfin.com/CA/Oakland/1431-Linden-St-94607/unit-B-LU/apartment/201403119,2,2,2,2,2,2,2,66.7,3,,3,2,,,,3,91.7,Yes,Yes,,No,Yes,Yes,No,Yes,Yes,Yes,Yes,Yes,,,,,,,,,,,,,,,83,51,45,65.8,74.1,B,,$37.80,Review,,,,
2,425 Van Dyke Ave,Oakland,CA,94606,,apartment,2,1,"1,000",2750,,https://www.redfin.com/CA/Oakland/Van-Dyke-Apartments/apartment/1096025,2,2,3,2,2,2,2,71.4,3,,2,2,,,,3,83.3,Yes,Yes,No,No,Yes,Yes,No,,Yes,Yes,Yes,Yes,,,,,,,,,,,,,,,88,60,65,75.0,76.1,B,,$36.16,Review,,,37.8022754,-122.2453458
2,307 Lee St Unit 05,Oakland,CA,94610,,apartment,2,1,975,2695,,https://www.redfin.com/CA/Oakland/307-Lee-St-94610/unit-05/apartment/191960643,2,1,3,2,2,2,2,66.7,3,,2,2,,,,2,75.0,No,Yes,,No,,Yes,No,,Yes,Yes,Yes,No,,,,,,,,,,,,,,,91,66,80,81.3,73.3,B,,$36.78,Review,,,37.811472,-122.2566196
2,3205 California St Apt E,Berkeley,CA,94703,,apartment,2,1,795,2695,,https://www.redfin.com/CA/Berkeley/3205-California-St-94703/unit-E/home/201402886,2,,2,2,2,2,2,66.7,2,,2,2,,,,2,66.7,No,Yes,,,,No,No,,No,No,,,,,,,,,,,,,,,,,92,62,97,84.0,71.5,B,,$37.70,Review,,,37.849633,-122.2758667
2,282 38th St Unit 3,Oakland,CA,94611,,apartment,2,1,860,2680,,https://www.redfin.com/CA/Oakland/282-38th-St-94611/unit-3/apartment/191542654,1,2,2,2,2,2,2,61.9,2,,2,2,,,,2,66.7,Yes,Yes,,No,No,Yes,No,,Yes,No,Yes,Yes,,,,,,,,,,,,,,,96,67,94,86.9,70.3,B,,$38.12,High-location / low-quality opportunity,,,37.825864953835705,-122.25732803580759
2,281 MacArthur Blvd,Oakland,CA,94610,,apartment,2,1,900,2580,,https://www.redfin.com/CA/Oakland/281-MacArthur-Blvd-94610/apartment/526441,3,3,2,3,3,2,3,90.5,2,,2,2,,,,2,66.7,Yes,Yes,Yes,Yes,Yes,Yes,Yes,,No,Yes,Yes,Yes,,,,,,,,,,,,,,,84,55,70,72.5,78.2,B,,$32.99,Review,,,37.8147165,-122.2522177
2,1614 Campbell St,Oakland,CA,94607,,apartment,2,1,840,2629,,https://www.redfin.com/CA/Oakland/Lampwork-Lofts/apartment/95474922,2,2,2,3,2,2,3,76.2,3,,2,2,,,,2,75.0,Yes,Yes,Yes,No,Yes,No,No,,No,Yes,Yes,,,,,,,,,,,,,,,,84,61,90,78.3,76.4,B,,$34.41,Review,,,37.813486,-122.29397371428571
2,1510 Webster St,Oakland,CA,94612,,apartment,2,1,600,2175,,https://www.redfin.com/CA/Oakland/1510-Webster-St-94612/home/172809943,3,2,3,3,3,3,3,95.2,2,,2,2,,,,1,58.3,No,Yes,Yes,Yes,Yes,Yes,Yes,Yes,Yes,Yes,Yes,,,,,,,,,,,,,,,,100,88,91,94.6,83.8,B,,$25.96,Review,,,37.8044664,-122.2676869
1,180 3rd St,Oakland,CA,94607,,apartment,2,2,1143,3667,,https://www.redfin.com/CA/Oakland/Fourth-Street-East/apartment/195166406,3,3,3,3,3,3,3,100.0,3,,2,3,,,,3,91.7,Yes,Yes,Yes,Yes,Yes,Yes,Yes,Yes,Yes,Yes,Yes,No,,,,,,,,,,,,,,91.7,94,84,87,89.6,93.8,A,8.3,$39.09,Top-of-market comp,,,37.79416325641026,-122.26970496153845
1,37 8th Ave,Oakland,CA,94606,,apartment,2,2,1120,3597,,https://www.redfin.com/CA/Oakland/37-8th-Ave-94606/home/167195505,3,3,3,3,3,3,3,100.0,3,,2,3,,,,3,91.7,Yes,Yes,Yes,Yes,Yes,Yes,Yes,Yes,Yes,Yes,Yes,No,,,,,,,,,,,,,,91.7,43,57,74,53.4,86.4,A,8.3,$41.65,Top-of-market comp,,,37.788711086486806,-122.2561760772449
1,37 8th Ave,Oakland,CA,94606,,apartment,2,2,1146,3722,,https://www.redfin.com/CA/Oakland/37-8th-Ave-94606/home/167195505,3,3,3,3,3,3,3,100.0,3,,2,3,,,,3,91.7,Yes,Yes,Yes,Yes,Yes,Yes,Yes,Yes,Yes,Yes,Yes,No,,,,,,,,,,,,,,91.7,43,57,74,53.4,86.4,A,8.3,$43.10,Top-of-market comp,,,37.788711086486806,-122.2561760772449
1,37 8th Ave,Oakland,CA,94606,,apartment,2,2,1161,3802,,https://www.redfin.com/CA/Oakland/37-8th-Ave-94606/home/167195505,3,3,3,3,3,3,3,100.0,3,,2,3,,,,3,91.7,Yes,Yes,Yes,Yes,Yes,Yes,Yes,Yes,Yes,Yes,Yes,No,,,,,,,,,,,,,,91.7,43,57,74,53.4,86.4,A,8.3,$44.03,Top-of-market comp,,,37.788711086486806,-122.2561760772449
1,37 8th Ave,Oakland,CA,94606,,apartment,2,2,1311,4195,,https://www.redfin.com/CA/Oakland/37-8th-Ave-94606/home/167195505,3,3,3,3,3,3,3,100.0,3,,2,3,,,,3,91.7,Yes,Yes,Yes,Yes,Yes,Yes,Yes,Yes,Yes,Yes,Yes,No,,,,,,,,,,,,,,91.7,43,57,74,53.4,86.4,A,8.3,$48.58,Top-of-market comp,,,37.788711086486806,-122.2561760772449
1,37 8th Ave,Oakland,CA,94606,,apartment,2,2,1121,4242,,https://www.redfin.com/CA/Oakland/37-8th-Ave-94606/home/167195505,3,3,3,3,3,3,3,100.0,3,,2,3,,,,3,91.7,Yes,Yes,Yes,Yes,Yes,Yes,Yes,Yes,Yes,Yes,Yes,No,,,,,,,,,,,,,,91.7,43,57,74,53.4,86.4,A,8.3,$49.12,Top-of-market comp,,,37.788711086486806,-122.2561760772449
1,37 8th Ave,Oakland,CA,94606,,apartment,2,2,1170,4293,,https://www.redfin.com/CA/Oakland/37-8th-Ave-94606/home/167195505,3,3,3,3,3,3,3,100.0,3,,2,3,,,,3,91.7,Yes,Yes,Yes,Yes,Yes,Yes,Yes,Yes,Yes,Yes,Yes,No,,,,,,,,,,,,,,91.7,43,57,74,53.4,86.4,A,8.3,$49.71,Top-of-market comp,,,37.788711086486806,-122.2561760772449
1,3093 Broadway,Oakland,CA,94611,,apartment,2,2,1121,3887,,https://www.redfin.com/CA/Oakland/3093-Broadway-94611/home/112888778,3,3,3,3,3,3,3,100.0,2,,3,3,,,,3,91.7,Yes,Yes,Yes,Yes,Yes,Yes,Yes,Yes,Yes,Yes,Yes,No,,,,,,,,,,,,,,91.7,93,67,85,83.6,92.6,A,8.3,$41.98,Top-of-market comp,,,37.82030224489796,-122.2610633877551
1,3093 Broadway,Oakland,CA,94611,,apartment,2,2,1121,3912,,https://www.redfin.com/CA/Oakland/3093-Broadway-94611/home/112888778,3,3,3,3,3,3,3,100.0,2,,3,3,,,,3,91.7,Yes,Yes,Yes,Yes,Yes,Yes,Yes,Yes,Yes,Yes,Yes,No,,,,,,,,,,,,,,91.7,93,67,85,83.6,92.6,A,8.3,$42.26,Top-of-market comp,,,37.82030224489796,-122.2610633877551
1,3093 Broadway,Oakland,CA,94611,,apartment,2,2,1121,4017,,https://www.redfin.com/CA/Oakland/3093-Broadway-94611/home/112888778,3,3,3,3,3,3,3,100.0,2,,3,3,,,,3,91.7,Yes,Yes,Yes,Yes,Yes,Yes,Yes,Yes,Yes,Yes,Yes,No,,,,,,,,,,,,,,91.7,93,67,85,83.6,92.6,A,8.3,$43.39,Top-of-market comp,,,37.82030224489796,-122.2610633877551
1,3093 Broadway,Oakland,CA,94611,,apartment,2,2,1121,3952,,https://www.redfin.com/CA/Oakland/3093-Broadway-94611/home/112888778,3,3,3,3,3,3,3,100.0,2,,3,3,,,,3,91.7,Yes,Yes,Yes,Yes,Yes,Yes,Yes,Yes,Yes,Yes,Yes,No,,,,,,,,,,,,,,91.7,93,67,85,83.6,92.6,A,8.3,$42.69,Top-of-market comp,,,37.82030224489796,-122.2610633877551
1,1150 Clay St,Oakland,CA,94607,,apartment,2,1.5,1080,3365,,https://www.redfin.com/CA/Oakland/1150-Clay-St-94607/home/178751086#overview,3,3,3,3,3,3,3,100.0,3,,3,3,,,,3,100.0,No,Yes,Yes,Yes,No,Yes,Yes,Yes,Yes,Yes,Yes,No,,,,,,,,,,,,,,75.0,99,89,88,93.8,92.3,A,25.0,$36.47,Top-of-market comp,,,37.803454,-122.274401
1,219 9th Ave,Oakland,CA,94606,,apartment,2,2,1040,2989,,https://www.redfin.com/CA/Oakland/Artizan/apartment/112885464,3,3,3,3,3,3,3,100.0,3,,3,3,,,,3,100.0,Yes,Yes,Yes,Yes,,Yes,Yes,Yes,Yes,Yes,Yes,No,,,,,,,,,,,,,,,46,58,74,55.2,87.6,A,,$34.14,Top-of-market comp,,,37.78725859466563,-122.25701975990853
1,4801 Shattuck Ave,Oakland,CA,94609,,apartment,2,2,1078,3318,,https://www.redfin.com/CA/Oakland/4801-Shattuck-Ave-94609/apartment/143116208,3,3,3,3,3,3,3,100.0,3,,2,3,,,,3,91.7,Yes,Yes,Yes,Yes,Yes,Yes,Yes,Yes,Yes,Yes,Yes,No,,,,,,,,,,,,,,91.7,98,68,93,88.0,93.5,A,8.3,$35.49,Top-of-market comp,,,37.83531887683374,-122.26372666894622
1,1411 Alice St,Oakland,CA,94612,,apartment,2,2,913,3315,,https://www.redfin.com/CA/Oakland/Alice-House/apartment/172809958,3,3,3,3,3,3,3,100.0,3,,3,3,,,,2,91.7,Yes,Yes,Yes,Yes,Yes,Yes,Yes,Yes,Yes,Yes,Yes,No,,,,,,,,,,,,,,91.7,99,88,91,94.1,94.7,A,8.3,$34.99,Top-of-market comp,,,37.80273532395777,-122.26642154384346
1,500 William St,Oakland,CA,94612,,apartment,2,2,1085,2947,,https://www.redfin.com/CA/Oakland/The-Uptown/apartment/190571155,2,2,3,3,2,,2,77.8,3,,,3,,,,3,100.0,Yes,Yes,Yes,No,,Yes,Yes,Yes,Yes,Yes,Yes,No,,,,,,,,,,,,,,,99,85,93,93.6,89.0,A,,$33.13,Top-of-market comp,,,37.8094439,-122.2703905
1,3815 Harrison St Unit 203,Oakland,CA,94611,,apartment,2,2,"1,200",2950,,https://www.redfin.com/CA/Oakland/3815-Harrison-St-94611/unit-203/apartment/189148052,2,2,3,2,2,3,2,76.2,3,,2,3,,,,3,91.7,Yes,Yes,No,No,Yes,Yes,No,Yes,Yes,Yes,Yes,No,,,,,,,,,,,,,,66.7,88,53,68,73.5,76.7,B,33.3,$38.47,Review,,,37.8215558,-122.2516321
3,2302 Valdez St,Oakland,CA,94612,,apartment,0,1,673,2918,,https://www.redfin.com/CA/Oakland/Alta-Waverly/apartment/143116126,3,,3,3,3,3,3,100.0,3,,,3,,,,1,77.8,Yes,Yes,Yes,Yes,,Yes,Yes,Yes,,Yes,Yes,,,,,,,,,,,,,,,,98,76,95,90.8,90.7,A,,$32.19,Top-of-market comp,,,37.811938511096606,-122.26405370016461
3,3015 San Pablo Ave,Berkeley,CA,94702,,apartment,2,1,1012,3495,,https://www.redfin.com/CA/Berkeley/Aquatic-Higby/apartment/143116535,3,3,3,3,3,3,3,100.0,3,,3,3,,,,3,100.0,No,Yes,Yes,Yes,Yes,Yes,Yes,Yes,,Yes,Yes,,,,,,,,,,,,,,,,93,59,90,82.2,95.1,A,,$36.77,Top-of-market comp,,,37.8516112,-122.2862975
3,3101 Mabel St,Berkeley,CA,94702,,apartment,2,1,650,3050,,https://www.redfin.com/CA/Berkeley/3101-Mabel-St-94702/apartment/1526370,3,3,3,3,2,3,3,95.2,2,,2,2,,,,1,58.3,No,Yes,No,Yes,Yes,Yes,Yes,Yes,Yes,Yes,Yes,No,,,,,,,,,,,,,,75.0,89,60,90,80.5,78.6,B,25.0,$38.80,Review,,,37.850873,-122.283011
3,3205 California St Apt D,Berkeley,CA,94703,,apartment,2,1,750,2895,,https://www.redfin.com/CA/Berkeley/3205-California-St-94703/unit-D/home/200381237,2,2,2,2,2,3,2,71.4,2,,2,2,,,,2,66.7,No,Yes,No,No,Yes,No,No,,No,No,Yes,No,,,,,,,,,,,,,,,92,62,97,84.0,73.5,B,,$39.41,Review,,,37.849633,-122.2758667
3,2732 Union St Unit 2734 (Rear),Oakland,CA,94607,,apartment,2,1,—,2895,,https://www.redfin.com/CA/Oakland/2732-Union-St-94607/unit-2734-Rear/apartment/201572917,2,2,2,2,2,2,3,71.4,3,,2,2,,,,3,83.3,Yes,Yes,No,,Yes,Yes,No,,Yes,No,Yes,Yes,,,,,,,,,,,,,,,88,54,93,78.8,77.1,B,,$37.54,Review,,,37.82019174614967,-122.28457694524697
3,257 Athol Ave Unit 6,Oakland,CA,94606,,apartment,2,1,600,2850,,https://www.redfin.com/CA/Oakland/257-Athol-Ave-94606/unit-6/apartment/196344785,3,2,3,3,2,2,3,85.7,3,,2,2,,,,1,66.7,No,Yes,,No,,Yes,No,,Yes,Yes,Yes,,,,,,,,,,,,,,,,91,64,82,81.1,78.6,B,,$36.25,Review,,,37.801292,-122.2498595
3,528 Merritt Ave Unit 208 LU,Oakland,CA,94610,,apartment,2,1,"1,063",2850,,https://www.redfin.com/CA/Oakland/528-Merritt-Ave-94610/unit-208-LU/apartment/200871853,2,3,3,3,3,2,,88.9,2,,3,,,,,3,88.9,Yes,Yes,No,No,,Yes,,,Yes,Yes,Yes,Yes,,,,,,,,,,,,,,,95,58,71,79.1,86.2,A,,$33.07,Top-of-market comp,,,37.8071748,-122.2471897
3,245 Lee St,Oakland,CA,94610,,apartment,2,1,700,2488,,https://www.redfin.com/CA/Oakland/Lee-Haus/apartment/1909856,3,2,3,3,2,2,3,85.7,3,,2,2,,,,2,75.0,No,Yes,Yes,No,Yes,No,Yes,No,Yes,Yes,Yes,Yes,,,,,,,,,,,,,,66.7,91,67,86,82.8,77.8,B,33.3,$31.99,Review,,,37.8131848,-122.2582179
3,671 Vernon St,Oakland,CA,94610,,apartment,2,1,756,2650,,https://www.redfin.com/CA/Oakland/671-Vernon-St-94610/apartment/526408,1,2,2,2,2,2,1,57.1,1,,2,2,,,,2,58.3,,Yes,No,No,Yes,No,No,,No,No,Yes,,,,,,,,,,,,,,,,85,53,60,70.4,61.2,C,,$43.31,Review,,,37.820191,-122.248705
3,1801 Jefferson St,Oakland,CA,94612,,apartment,2,1,874,2630,,https://www.redfin.com/CA/Oakland/Bell-Uptown-District/apartment/112885465,3,3,3,3,3,2,3,95.2,2,,3,2,,,,2,75.0,No,Yes,Yes,Yes,Yes,Yes,Yes,Yes,No,Yes,Yes,No,,,,,,,,,,,,,,75.0,97,84,95,92.7,84.9,B,25.0,$30.97,Review,,,37.80834,-122.273307
3,225 Clifton St,Oakland,CA,94618,,apartment,2,1,900,2800,,https://www.redfin.com/CA/Oakland/The-Clifton/apartment/112885369,2,2,2,3,2,2,3,76.2,2,,2,2,,,,2,66.7,No,Yes,No,No,,No,No,,No,Yes,Yes,,,,,,,,,,,,,,,,93,59,54,75.0,72.9,B,,$38.38,Review,,,37.8355568,-122.2499046
3,2535 E 29th St Unit 1,Oakland,CA,94602,,apartment,2,1,800,2750,,https://www.redfin.com/CA/Oakland/1951-E-30th-St-94606/apartment/1482967,2,2,3,2,2,2,2,71.4,2,,2,3,,,,2,75.0,Yes,Yes,No,No,,Yes,No,,No,Yes,Yes,Yes,,,,,,,,,,,,,,,75,58,53,65.5,70.9,B,,$38.80,Review,,,37.79489,-122.222068
3,3250 Hollis St,Emeryville,CA,94608,,apartment,2,1,999,2530,,https://www.redfin.com/CA/Emeryville/Hollis-Oak/apartment/168797025,3,3,3,3,3,2,3,95.2,3,,2,2,,,,2,75.0,Yes,Yes,Yes,No,Yes,Yes,Yes,,No,Yes,Yes,,,,,,,,,,,,,,,,90,62,98,83.2,85.7,A,,$29.52,Top-of-market comp,,,37.8252139,-122.2837229
3,1732 8th St,Oakland,CA,94607,,apartment,2,1,760,2600,,https://www.redfin.com/CA/Oakland/1732-8th-St-94607/apartment/199403472,2,2,2,2,2,2,2,66.7,3,,2,2,,,,2,75.0,Yes,Yes,No,Yes,Yes,Yes,No,,Yes,Yes,Yes,Yes,,,,,,,,,,,,,,,77,64,92,76.1,71.8,B,,$36.19,Review,,,37.808166,-122.301286
3,7038 Lacey Ave Unit T7048,Oakland,CA,94605,,apartment,2,1,—,2600,,https://www.redfin.com/CA/Oakland/7038-Lacey-Ave-94605/unit-T7048/apartment/199541288,2,,1,2,1,1,2,50.0,2,,3,2,,,,3,83.3,No,Yes,No,No,Yes,No,No,,Yes,Yes,,Yes,,,,,,,,,,,,,,,79,58,52,67.3,65.0,C,,$40.01,Review,,,37.770674,-122.172152
3,520 Van Buren Ave,Oakland,CA,94610,,apartment,2,1,700,2595,,https://www.redfin.com/CA/Oakland/520-Van-Buren-Ave-94610/apartment/526493,2,2,3,2,2,2,3,76.2,2,,2,2,,,,2,66.7,Yes,Yes,,No,,Yes,Yes,Yes,No,Yes,Yes,Yes,,,,,,,,,,,,,,,95,56,85,81.3,74.7,B,,$34.74,Review,,,37.8117116,-122.2510067
3,475 Weldon Ave,Oakland,CA,94610,,apartment,2,1,896,2595,,https://www.redfin.com/CA/Oakland/475-Weldon-Ave-94610/apartment/1306036,2,2,3,2,2,2,2,71.4,2,,3,3,,,,2,83.3,Yes,Yes,No,No,,Yes,No,,Yes,No,No,Yes,,,,,,,,,,,,,,,94,51,64,75.1,76.1,B,,$34.11,Review,,,37.8158562,-122.2441299
3,830 47th St,Emeryville,CA,94608,,apartment,2,1,780,2595,,https://www.redfin.com/CA/Emeryville/830-47th-St-94608/home/1963836,3,2,3,3,3,2,2,85.7,2,,2,2,,,,2,66.7,Yes,Yes,,No,Yes,No,No,No,No,Yes,Yes,Yes,,,,,,,,,,,,,,,85,69,99,83.0,79.1,B,,$32.79,Review,,,37.8357434,-122.2704688
3,3720 Fruitvale Ave,Oakland,CA,94602,,apartment,2,1,828,2580,,https://www.redfin.com/CA/Oakland/3720-Fruitvale-Ave-94602/apartment/545783,3,3,3,3,3,2,3,95.2,2,,2,2,,,,2,66.7,No,Yes,,No,,Yes,No,Yes,No,Yes,Yes,No,,,,,,,,,,,,,,,91,57,64,75.4,81.0,B,,$31.85,Review,,,37.803016,-122.2148467
3,3811 39th Ave,Oakland,CA,94619,,apartment,2,1,800,2395,,,,,,,,,,,,,,,,,,2,66.7,,,,,,,,,,,,,,,,,,,,,,,,,,,87,50,62,70.9,68.7,C,,$34.87,Review,,,37.7923022,-122.1942568
3,6638 MacArthur Blvd Unit 6640-F,Oakland,CA,94605,,apartment,2,1,850,2395,,https://www.redfin.com/CA/Oakland/6638-MacArthur-Blvd-94605/unit-6640-F/apartment/197694783,2,2,2,1,2,2,2,61.9,2,,2,2,,,,2,66.7,No,Yes,,No,,No,No,,Yes,Yes,Yes,,,,,,,,,,,,,,,,78,53,67,68.3,65.1,C,,$36.77,Review,,,37.785199,-122.197811
3,1125 E 18th St,Oakland,CA,94607,,apartment,2,1,600,2223,,https://www.redfin.com/CA/Oakland/Palmcrest/apartment/2005047,3,3,2,3,2,3,3,90.5,1,,2,2,,,,1,50.0,Yes,Yes,No,No,,No,No,Yes,No,Yes,Yes,No,,,,,,,,,,,,,,,89,57,83,78.2,74.7,B,,$29.76,Review,,,37.7934595,-122.2451276
3,5900 Martin Luther King Junior Way Apt 2,Oakland,CA,94609,,apartment,2,1,600,2350,,https://www.redfin.com/CA/Oakland/5900-Martin-Luther-King-Junior-Way-94609/unit-2/home/200341258,1,2,2,2,1,2,2,57.1,1,,2,2,,,,1,50.0,No,Yes,No,No,Yes,No,No,,Yes,Yes,Yes,No,,,,,,,,,,,,,,,91,60,100,83.5,62.3,C,,$37.73,High-location / low-quality opportunity,,,37.844406,-122.270463
3,1934 9th Ave,Oakland,CA,94606,,apartment,2,1,700,2299,,https://www.redfin.com/CA/Oakland/1934-9th-Ave-94606/apartment/533269,2,2,2,2,2,2,2,66.7,3,,2,2,,,,2,75.0,No,Yes,No,No,Yes,Yes,No,,No,Yes,Yes,,,,,,,,,,,,,,,,87,57,73,75.2,71.6,B,,$32.12,Review,,,37.7962441,-122.2451299
3,389 Vernon St,Oakland,CA,94610,,apartment,2,1,810,2295,,https://www.redfin.com/CA/Oakland/389-Vernon-St-94610/apartment/525861,2,2,1,1,2,2,2,57.1,2,,3,3,,,,2,83.3,No,Yes,No,No,,Yes,No,,No,Yes,Yes,,,,,,,,,,,,,,,,81,59,70,72.2,69.3,C,,$33.10,Review,,,37.8163728,-122.2547465
3,477 Jean St,Oakland,CA,94610,,apartment,2,1,700,2295,,https://www.redfin.com/CA/Oakland/477-Jean-St-94610/apartment/526147,3,3,3,2,3,3,3,95.2,3,,2,2,,,,2,75.0,No,Yes,No,No,,Yes,No,,No,Yes,Yes,,,,,,,,,,,,,,,,92,54,65,75.2,83.5,B,,$27.49,Review,,,37.8157066,-122.2502355
3,4500 San Carlos Ave Unit 4502,Oakland,CA,94601,,apartment,2,1,850,2295,,https://www.redfin.com/CA/Oakland/4500-San-Carlos-Ave-94601/unit-4502/home/201109501,1,2,1,2,2,2,2,57.1,2,,,2,,,,2,66.7,No,Yes,,No,No,No,No,,Yes,No,Yes,,,,,,,,,,,,,,,,76,52,53,64.2,62.0,C,,$37.01,Review,,,37.7779781,-122.2069155
3,1221 E 20th St,Oakland,CA,94606,,apartment,2,1,850,2448,,https://www.redfin.com/CA/Oakland/ArtHaus-Oakbrook/apartment/1276648,,3,3,3,2,2,3,88.9,2,,2,2,,,,2,66.7,No,Yes,Yes,,,Yes,No,Yes,No,Yes,Yes,,,,,,,,,,,,,,,,86,57,67,73.5,77.8,B,,$31.46,Review,,,37.79430311828453,-122.24236371601803
3,2869 38th Ave,Oakland,CA,94619,,apartment,2,1,"2,224",2250,,https://www.redfin.com/CA/Oakland/2869-38th-Ave-94619/unit-2863/home/22966925,2,1,2,1,2,2,2,57.1,2,,2,2,,,,3,75.0,No,Yes,No,No,,No,No,,No,Yes,Yes,,,,,,,,,,,,,,,,80,50,70,69.0,65.9,C,,$34.15,Review,,,37.787151,-122.204531
3,4305 Rilea Way,Oakland,CA,94605,,apartment,2,1,—,2250,,https://www.redfin.com/CA/Oakland/4305-Rilea-Way-94605/home/187971624,2,2,2,1,1,2,2,57.1,3,,2,2,,,,3,83.3,Yes,Yes,No,No,,Yes,No,No,No,Yes,No,Yes,,,,,,,,,,,,,,,29,27,18,26.2,56.6,C,,$39.79,Review,,,37.7707707,-122.1503445
3,1044 54th St,Oakland,CA,94608,,apartment,2,1,850,2250,,https://www.redfin.com/CA/Oakland/1044-54th-St-94608/home/187981072,1,2,1,2,2,2,2,57.1,3,,2,2,,,,2,75.0,Yes,Yes,No,Yes,Yes,No,No,,Yes,No,No,Yes,,,,,,,,,,,,,,,93,60,98,84.1,70.1,B,,$32.10,High-location / low-quality opportunity,,,37.8383178,-122.2795294
3,2701 High St,Oakland,CA,94619,,apartment,2,1,"1,000",2223,,https://www.redfin.com/CA/Oakland/Laurel-Haus/apartment/1495913,3,3,2,2,2,2,2,76.2,2,,2,2,,,,3,75.0,No,Yes,,Yes,Yes,Yes,No,,No,Yes,Yes,,,,,,,,,,,,,,,,78,50,60,66.0,73.0,B,,$30.45,Review,,,37.783457,-122.2034698
3,2019 E 20th St,Oakland,CA,94606,,apartment,2,1,700,2200,,https://www.redfin.com/CA/Oakland/2019-E-20th-St-94606/apartment/185146616,2,3,2,2,2,2,2,71.4,3,,2,2,,,,2,75.0,No,Yes,,No,,No,Yes,,No,Yes,Yes,,,,,,,,,,,,,,,,81,56,68,70.9,72.4,B,,$30.40,Review,,,37.7895724,-122.2358
3,6510 Outlook Ave Apt 4,Oakland,CA,94605,,apartment,2,1,—,2200,,https://www.redfin.com/CA/Oakland/6510-Outlook-Ave-94605/unit-4/home/200319549,2,2,2,2,2,2,2,66.7,3,,2,2,,,,3,83.3,No,Yes,,No,,No,Yes,,Yes,Yes,Yes,No,,,,,,,,,,,,,,,65,55,28,54.6,68.4,C,,$32.16,Review,,,37.7752091,-122.1750667
3,908 36th Ave Unit 2,Oakland,CA,94601,,apartment,2,1,883,2200,,https://www.redfin.com/CA/Oakland/908-36th-Ave-94601/unit-2/home/200865419,1,2,2,1,1,2,3,57.1,2,,,,,,,2,66.7,No,Yes,,No,No,No,No,,No,Yes,,No,,,,,,,,,,,,,,,94,74,89,87.0,68.3,C,,$32.19,High-location / low-quality opportunity,,,37.7729485,-122.2236031
3,1931 9th Ave Unit 1931,Oakland,CA,94606,,apartment,2,1,"1,200",2200,,https://www.redfin.com/CA/Oakland/1931-9th-Ave-94606/unit-1931/apartment/201556221,3,3,2,3,2,2,3,85.7,2,,2,3,,,,3,83.3,,Yes,,Yes,No,No,Yes,,Yes,Yes,Yes,Yes,,,,,,,,,,,,,,,87,57,70,74.6,81.9,B,,$26.86,Review,,,37.7966216,-122.2455552
3,629 E 19th St,Oakland,CA,94606,,apartment,2,1,700,2199,,https://www.redfin.com/CA/Oakland/19th-Street-Apartments/apartment/1399042,2,2,2,2,2,2,2,66.7,1,,2,2,,,,2,58.3,No,Yes,Yes,No,,No,No,,No,Yes,Yes,,,,,,,,,,,,,,,,92,60,83,80.6,68.0,C,,$32.34,Review,,,37.7977348,-122.2481378
3,1001 91st Ave,Oakland,CA,94603,,apartment,2,1,762,2195,,https://www.redfin.com/CA/Oakland/1001-91st-Ave-94603/home/587804,3,,2,3,3,2,3,88.9,2,,,,,,,2,66.7,No,Yes,,No,,No,Yes,,No,Yes,Yes,,,,,,,,,,,,,,,,66,48,53,58.0,73.5,B,,$29.86,Review,,,37.7466012,-122.1801972
3,366 45th St,Oakland,CA,94609,,apartment,2,1,730,2195,,https://www.redfin.com/CA/Oakland/1234-47th-Ave-94601/apartment/57181092,2,,2,1,2,2,2,61.1,2,,,1,,,,2,55.6,No,Yes,,No,,Yes,Yes,,No,Yes,,,,,,,,,,,,,,,,,94,66,92,85.2,66.1,C,,$33.20,High-location / low-quality opportunity,,,37.833756,-122.256887
3,1234 47th Ave,Oakland,CA,94601,,apartment,2,1,"1,000",2195,,https://www.redfin.com/CA/Oakland/1234-47th-Ave-94601/apartment/57181092,2,,2,1,1,2,2,55.6,3,,,,,,,3,100.0,No,Yes,,No,,Yes,Yes,,No,Yes,,,,,,,,,,,,,,,,,92,63,81,81.1,76.2,B,,$28.79,High-location / low-quality opportunity,,,37.769547296894686,-122.21228719907712
3,2361 E 29th St,Oakland,CA,94606,,apartment,2,1,727,2195,,https://www.redfin.com/CA/Oakland/Oakland-Heights-55-Active-Adult-Apartments/apartment/177352609,2,,3,2,2,3,3,83.3,2,,,,,,,2,66.7,Yes,Yes,,No,Yes,Yes,No,,Yes,Yes,Yes,,,,,,,,,,,,,,,,65,57,59,61.4,72.1,B,,$30.42,Review,,,37.794761,-122.225146
3,2212 High St Unit 2218 C,Oakland,CA,94601,,apartment,2,1,—,2195,,https://www.redfin.com/CA/Oakland/2212-High-St-94601/unit-2218-C/apartment/198813051,3,3,2,3,2,2,3,85.7,2,,2,2,,,,3,75.0,No,Yes,No,Yes,,Yes,No,,No,Yes,Yes,,,,,,,,,,,,,,,,76,54,49,64.0,76.4,B,,$28.73,Review,,,37.7784889,-122.20754
3,1933 84th Ave Unit C,Oakland,CA,94621,,apartment,2,1,750,2195,,https://www.redfin.com/CA/Oakland/1933-84th-Ave-94621/unit-C/apartment/200107257,2,2,2,2,2,2,2,66.7,1,,2,2,,,,2,58.3,No,Yes,No,No,Yes,No,No,,No,Yes,Yes,,,,,,,,,,,,,,,,69,58,65,64.9,63.6,C,,$34.50,Review,,,37.7574081,-122.1723271
3,2694 Havenscourt Blvd Unit A,Oakland,CA,94605,,apartment,2,1,800,2195,,https://www.redfin.com/CA/Oakland/2694-Havenscourt-Blvd-94605/unit-A/home/200229567,1,1,2,1,2,2,2,52.4,2,,2,2,,,,2,66.7,No,Yes,No,No,Yes,No,No,,No,No,No,,,,,,,,,,,,,,,,86,57,66,73.3,62.6,C,,$35.09,Review,,,37.76870650904774,-122.18262670564113
3,3520 Brighton Ave Apt C,Oakland,CA,94602,,apartment,2,1,889,2195,,https://www.redfin.com/CA/Oakland/3520-Brighton-Ave-94602/unit-C/home/201208672,3,2,3,3,2,2,3,85.7,2,,2,2,,,,2,66.7,No,Yes,No,No,,No,Yes,,No,Yes,Yes,,,,,,,,,,,,,,,,80,58,74,72.2,76.1,B,,$28.83,Review,,,37.8015514,-122.2265733
3,580 Vernon St Unit 2,Oakland,CA,94610,,apartment,2,1,—,2195,,https://www.redfin.com/CA/Oakland/580-Vernon-St-94610/unit-2/apartment/201442720,2,2,2,1,2,2,2,61.9,1,,2,2,,,,3,66.7,No,Yes,No,No,,No,No,,Yes,Yes,Yes,,,,,,,,,,,,,,,,87,54,64,72.5,66.3,C,,$33.11,Review,,,37.8183332,-122.2498247
3,3048 Champion St,Oakland,CA,94602,,apartment,2,1,855,2190,,https://www.redfin.com/CA/Oakland/3048-Champion-St-94602/apartment/1000609,2,2,2,3,2,2,3,76.2,1,,2,2,,,,2,58.3,No,Yes,,No,Yes,No,No,,No,Yes,Yes,,,,,,,,,,,,,,,,87,57,62,73.0,69.8,C,,$31.35,Review,,,37.7948934,-122.2164224
3,2166 E 27th St,Oakland,CA,94606,,apartment,2,1,"1,000",2168,,https://www.redfin.com/CA/Oakland/Diamond-Haus/apartment/1802658,2,3,2,2,2,2,3,76.2,2,,2,2,,,,3,75.0,No,Yes,,No,,No,No,,No,No,Yes,,,,,,,,,,,,,,,,70,58,50,62.4,72.0,B,,$30.11,Review,,,37.7941849,-122.2285818
3,1080 Stanford Ave,Oakland,CA,94608,,apartment,2,1,651,2150,,https://www.redfin.com/CA/Oakland/Stanford-Avenue-Apartments/apartment/187957133,2,2,2,2,1,2,2,61.9,1,,2,2,,,,1,50.0,No,Yes,No,No,,No,No,,No,Yes,Yes,,,,,,,,,,,,,,,,93,58,89,81.7,63.8,C,,$33.72,High-location / low-quality opportunity,,,37.8418071,-122.2819851
3,516 Lewis St Unit 516,Oakland,CA,94607,,apartment,2,1,700,2150,,https://www.redfin.com/CA/Oakland/516-Lewis-St-94607/unit-516/home/194687534,2,2,2,2,2,2,3,71.4,3,,2,2,,,,2,75.0,No,Yes,,Yes,,Yes,No,,Yes,Yes,Yes,,,,,,,,,,,,,,,,79,67,93,78.2,74.4,B,,$28.90,Review,,,37.805063201468656,-122.29836108017328
3,692 34th St Unit 06,Oakland,CA,94609,,apartment,2,1,—,2150,,https://www.redfin.com/CA/Oakland/692-34th-St-94609/unit-06/apartment/199207853,2,2,2,3,2,2,2,71.4,1,,2,2,,,,3,66.7,No,Yes,No,No,,No,No,,No,Yes,No,,,,,,,,,,,,,,,,82,73,98,82.5,73.0,B,,$29.43,Review,,,37.8238961,-122.2709159
3,3615 Martin Luther King Junior Way Unit 2,Oakland,CA,94609,,apartment,2,1,700,2150,,https://www.redfin.com/CA/Oakland/3615-Martin-Luther-King-Junior-Way-94609/unit-2/apartment/200092438,2,2,2,2,2,2,2,66.7,2,,2,2,,,,2,66.7,No,Yes,No,No,,No,No,,No,No,Yes,,,,,,,,,,,,,,,,88,74,88,83.8,71.4,B,,$30.10,Review,,,37.8255504,-122.2698279
3,4228 Masterson St Unit 01,Oakland,CA,94619,,apartment,2,1,—,2150,,https://www.redfin.com/CA/Oakland/4228-Masterson-St-94619/unit-01/apartment/200195072,1,2,1,2,2,1,2,52.4,2,,,,,,,3,83.3,No,Yes,No,No,Yes,No,No,,No,No,No,,,,,,,,,,,,,,,,91,50,62,72.9,67.5,C,,$31.83,Review,,,37.7887096,-122.1944287
3,2169 48th Ave Unit C,Oakland,CA,94601,,apartment,2,1,825,2145,,https://www.redfin.com/CA/Oakland/2169-48th-Ave-94601/unit-C/apartment/201220145,3,,2,2,2,2,3,77.8,1,,,,,,,2,50.0,Yes,Yes,No,No,,No,No,Yes,No,Yes,,,,,,,,,,,,,,,,,79,50,49,64.3,65.5,C,,$32.72,Review,,,37.7758888,-122.2057369
3,2326 84th Ave,Oakland,CA,94605,,apartment,2,1,"1,000",2100,,https://www.redfin.com/CA/Oakland/2326-84th-Ave-94605/home/1607896,2,2,2,2,2,2,2,66.7,1,,2,2,,,,3,66.7,No,Yes,No,No,,No,No,,No,No,Yes,,,,,,,,,,,,,,,,71,57,64,65.4,66.3,C,,$31.67,Review,,,37.7593201,-122.1667532
3,1121 Campbell St Unit 1125,Oakland,CA,94607,,apartment,2,1,—,2100,,https://www.redfin.com/CA/Oakland/1121-Campbell-St-94607/unit-1125/apartment/191768097,2,2,2,1,2,2,2,61.9,1,,2,2,,,,3,66.7,No,Yes,No,No,,No,No,,No,Yes,Yes,,,,,,,,,,,,,,,,81,65,95,79.0,68.1,C,,$30.83,High-location / low-quality opportunity,,,37.810073202704025,-122.29694448128565
3,8811 A St Unit 2,Oakland,CA,94621,,apartment,2,1,"1,020",2100,,https://www.redfin.com/CA/Oakland/8811-A-St-94621/unit-2/apartment/193042141,2,2,2,2,2,2,2,66.7,3,,2,2,,,,3,83.3,No,Yes,No,No,Yes,No,No,Yes,No,No,Yes,Yes,,,,,,,,,,,,,,41.7,80,52,60,67.6,64.2,C,58.3,$32.71,Review,,,37.7499995,-122.1774525
3,6167 Mauritania Ave Unit C,Oakland,CA,94605,,apartment,2,1,800,2100,,https://www.redfin.com/CA/Oakland/6167-Mauritania-Ave-94605/unit-C/home/196509670,2,2,2,3,2,2,3,76.2,2,,2,2,,,,2,66.7,No,Yes,,No,Yes,No,No,,No,Yes,Yes,,,,,,,,,,,,,,,,80,54,48,65.8,70.4,B,,$29.83,Review,,,37.7758471,-122.1802177
3,1079 81st Ave Unit 7,Oakland,CA,94621,,apartment,2,1,—,2100,,https://www.redfin.com/CA/Oakland/1079-81st-Ave-94621/unit-7/apartment/198696002,2,2,1,1,2,2,2,57.1,2,,2,2,,,,3,75.0,No,Yes,No,No,,No,No,No,No,Yes,Yes,,,,,,,,,,,,,,,,70,65,67,67.9,65.6,C,,$32.02,Review,,,37.7538613,-122.1846934
3,2863 Brookdale Ave Apt C,Oakland,CA,94602,,apartment,2,1,800,2100,,https://www.redfin.com/CA/Oakland/2863-Brookdale-Ave-94602/unit-C/home/200317909,1,2,2,2,2,2,2,61.9,1,,2,2,,,,2,58.3,No,Yes,No,No,Yes,No,No,No,No,No,No,Yes,,,,,,,,,,,,,,25.0,82,57,64,70.9,53.4,D,75.0,$39.30,Review,,,37.7927063,-122.217642
3,2169 48th Ave Apt B,Oakland,CA,94601,,apartment,2,1,720,2095,,https://www.redfin.com/CA/Oakland/2169-48th-Ave-94601/unit-B/home/201216877,3,2,2,3,2,,2,77.8,2,,2,2,,,,2,66.7,No,Yes,,No,,No,No,Yes,No,Yes,,,,,,,,,,,,,,,,,79,50,49,64.3,70.6,B,,$29.66,Review,,,37.7758888,-122.2057369
3,9300 Bancroft Ave Unit T9304,Oakland,CA,94603,,apartment,2,1,—,2050,,https://www.redfin.com/CA/Oakland/9300-Bancroft-Ave-94603/unit-T9304/apartment/199985379,2,2,2,2,2,2,2,66.7,1,,2,2,,,,3,66.7,No,Yes,No,No,,No,Yes,,No,Yes,Yes,,,,,,,,,,,,,,,,70,56,62,64.2,66.0,C,,$31.07,Review,,,37.75189888428261,-122.16469015535166
3,256 Euclid Ave Apt 7,Oakland,CA,94610,,apartment,2,1,700,2050,,https://www.redfin.com/CA/Oakland/256-Euclid-Ave-94610/unit-7/home/201252096,1,1,2,2,2,2,2,57.1,2,,2,2,,,,2,66.7,No,Yes,No,No,No,No,No,,No,No,No,Yes,,,,,,,,,,,,,,,81,58,71,72.1,64.2,C,,$31.93,Review,,,37.8155748,-122.2531473
3,3700 International Blvd,Oakland,CA,94601,,apartment,2,1,786,1908,,https://www.redfin.com/CA/Oakland/Fruitvale-Haus/apartment/17188205,2,3,2,3,2,2,2,76.2,2,,2,2,,,,2,66.7,Yes,Yes,Yes,Yes,No,Yes,No,,Yes,Yes,Yes,,,,,,,,,,,,,,,,97,74,80,86.7,76.2,B,,$25.04,Review,,,37.775266,-122.220668
3,3524 Foothill Blvd Unit 12,Oakland,CA,94601,,apartment,2,1,800,2000,,https://www.redfin.com/CA/Oakland/3524-Foothill-Blvd-94601/unit-12/apartment/196155552,2,2,2,1,2,2,2,61.9,2,,2,2,,,,2,66.7,No,Yes,,No,,No,Yes,,Yes,Yes,Yes,No,,,,,,,,,,,,,,,91,68,76,81.1,68.7,C,,$29.12,High-location / low-quality opportunity,,,37.78191568049308,-122.21888671948663
3,1312 64th Ave Unit T1,Oakland,CA,94621,,apartment,2,1,—,2000,,https://www.redfin.com/CA/Oakland/1312-64th-Ave-94621/unit-T1/apartment/199770424,2,2,2,1,2,2,2,61.9,2,,2,2,,,,3,75.0,No,Yes,No,No,Yes,Yes,No,No,Yes,Yes,Yes,No,,,,,,,,,,,,,,50.0,76,69,59,70.5,63.6,C,50.0,$31.46,Review,,,37.761732,-122.1977508
3,1663 80th Ave Unit Td,Oakland,CA,94621,,apartment,2,1,—,2000,,https://www.redfin.com/CA/Oakland/1663-80th-Ave-94621/unit-Td/home/200360825,2,2,2,1,2,2,2,61.9,2,,2,2,,,,3,75.0,No,Yes,No,No,,Yes,Yes,,Yes,Yes,Yes,No,,,,,,,,,,,,,,,66,58,69,64.2,66.5,C,,$30.06,Review,,,37.7589421,-122.177454
3,3814 39th Ave Unit T106,Oakland,CA,94619,,apartment,2,1,—,2000,,https://www.redfin.com/CA/Oakland/3814-39th-Ave-94619/unit-T106/home/201238559,2,2,2,1,2,2,1,57.1,2,,2,2,,,,3,75.0,No,Yes,,No,,No,No,,No,No,Yes,,,,,,,,,,,,,,,,87,50,62,70.9,66.4,C,,$30.11,Review,,,37.7919153,-122.1939442
3,3164 High St Unit D,Oakland,CA,94619,,apartment,2,1,613,2000,,https://www.redfin.com/CA/Oakland/3164-High-St-94619/unit-D/apartment/201424467,2,2,2,2,2,2,1,61.9,2,,2,2,,,,1,58.3,No,Yes,No,No,Yes,No,No,,No,No,No,Yes,,,,,,,,,,,,,,,87,51,45,67.8,62.5,C,,$32.03,Review,,,37.7851981,-122.1983944
3,7123 Holly St Unit d,Oakland,CA,94621,,apartment,2,1,—,1999,,https://www.redfin.com/CA/Oakland/7123-Holly-St-94621/unit-d/apartment/198577041,2,2,2,1,2,2,2,61.9,2,,2,2,,,,3,75.0,No,Yes,No,No,Yes,No,No,,Yes,No,Yes,Yes,,,,,,,,,,,,,,,75,59,67,68.6,67.8,C,,$29.50,Review,,,37.7628301,-122.1841406
3,480 Crescent St,Oakland,CA,94610,,apartment,2,1,800,1995,,https://www.redfin.com/CA/Oakland/480-Crescent-St-94610/apartment/1903690,2,3,2,2,2,2,3,76.2,2,,2,2,,,,2,66.7,No,Yes,No,No,,No,Yes,,No,Yes,Yes,,,,,,,,,,,,,,,,98,53,80,80.9,74.6,B,,$26.75,Review,,,37.8137716,-122.2490682
3,816 37th St Unit C,Oakland,CA,94608,,apartment,2,1,—,1995,,https://www.redfin.com/CA/Oakland/816-37th-St-94608/unit-C/apartment/181238698,2,2,2,2,2,2,3,71.4,2,,2,2,,,,3,75.0,No,Yes,,No,,No,No,No,No,Yes,Yes,,,,,,,,,,,,,,,,87,74,92,84.1,76.0,B,,$26.24,Review,,,37.8270582,-122.2724349
3,2900 Fruitvale Ave,Oakland,CA,94602,,apartment,2,1,"1,200",1995,,https://www.redfin.com/CA/Oakland/2900-Fruitvale-Ave-94602/apartment/200074067,2,2,2,1,2,2,2,61.9,2,,2,2,,,,3,75.0,No,Yes,,No,,No,No,,No,No,No,,,,,,,,,,,,,,,,87,57,60,72.6,68.9,C,,$28.96,Review,,,37.793396,-122.218634
3,11818 Foothill Way Unit 3,Oakland,CA,94605,,apartment,2,1,"1,000",1995,,https://www.redfin.com/CA/Oakland/11818-Foothill-Way-94605/unit-3/home/200558122,2,2,2,3,3,2,2,76.2,3,,2,2,,,,3,83.3,No,Yes,,No,Yes,Yes,No,No,Yes,Yes,Yes,,,,,,,,,,,,,,,,69,44,45,56.7,73.0,B,,$27.34,Review,,,37.7358044,-122.139304
3,1747 21st Ave Unit 1747,Oakland,CA,94606,,apartment,2,1,800,1995,,https://www.redfin.com/CA/Oakland/1747-21st-Ave-94606/unit-1747/home/201243322,1,2,2,2,1,2,2,57.1,2,,2,2,,,,2,66.7,No,Yes,,No,,No,No,,No,No,No,No,,,,,,,,,,,,,,,87,56,73,74.9,65.0,C,,$30.70,Review,,,37.78816066666666,-122.23595854761905
3,1537 8th Ave Unit B,Oakland,CA,94606,,apartment,2,1,650,1950,,https://www.redfin.com/CA/Oakland/1537-8th-Ave-94606/unit-B/apartment/194118870,2,2,3,2,3,2,2,76.2,2,,2,2,,,,1,58.3,,Yes,,No,,No,Yes,,Yes,Yes,Yes,,,,,,,,,,,,,,,,93,62,89,82.9,72.6,B,,$26.86,Review,,,37.7948239,-122.2501674
3,1506 4th Ave Unit 7,Oakland,CA,94606,,apartment,2,1,750,1950,,https://www.redfin.com/CA/Oakland/1506-4th-Ave-94606/unit-7/apartment/195516371,2,2,2,2,2,2,3,71.4,3,,2,2,,,,2,75.0,No,Yes,,No,,No,No,,Yes,Yes,Yes,,,,,,,,,,,,,,,,94,67,98,86.7,76.8,B,,$25.40,Review,,,37.7971545,-122.2534429
3,6625 Bancroft Ave Unit 6621,Oakland,CA,94605,,apartment,2,1,734,1950,,https://www.redfin.com/CA/Oakland/6625-Bancroft-Ave-94605/unit-6621/home/201238791,2,2,2,2,2,2,2,66.7,2,,2,2,,,,2,66.7,No,Yes,,No,,No,No,,No,No,Yes,,,,,,,,,,,,,,,,86,57,63,72.7,68.3,C,,$28.53,Review,,,37.76996688659794,-122.183684685567
3,3430 64th Avenue Pl,Oakland,CA,94605,,apartment,2,1,900,1899,,https://www.redfin.com/CA/Oakland/3430-64th-Avenue-Pl-94605/home/1992803,3,2,3,2,2,2,3,81.0,2,,,2,,,,2,66.7,No,Yes,,No,Yes,No,Yes,,No,Yes,Yes,No,,,,,,,,,,,,,,,79,55,47,65.4,72.3,B,,$26.28,Review,,,37.7743684,-122.1776775
3,2554 E 16th St,Oakland,CA,94601,,apartment,1,1,800,1832,,https://www.redfin.com/CA/Oakland/Village-Haus/apartment/1524283,2,2,2,2,2,2,2,66.7,2,,2,2,,,,2,66.7,Yes,Yes,Yes,No,,Yes,No,,No,No,,,,,,,,,,,,,,,,,89,66,75,79.3,70.2,B,,$26.11,Review,,,37.7837537,-122.2304698
3,1130 82nd Ave,Oakland,CA,94621,,apartment,2,1,—,1800,,https://www.redfin.com/CA/Oakland/1130-82nd-Ave-94621/home/581903,2,3,2,1,3,2,2,71.4,3,,2,2,,,,3,83.3,No,Yes,No,,,No,No,,No,Yes,Yes,,,,,,,,,,,,,,,,72,62,65,67.6,74.0,B,,$24.32,Review,,,37.7532583,-122.1829594
3,937 International Blvd,Oakland,CA,94606,,apartment,2,1,726,1795,,https://www.redfin.com/CA/Oakland/937-International-Blvd-94606/home/1077491,2,2,2,2,2,,,66.7,2,,2,2,,,,2,66.7,No,Yes,,,,No,No,,Yes,Yes,Yes,,,,,,,,,,,,,,,,93,60,94,83.3,71.3,B,,$25.18,Review,,,37.792187,-122.2502343
3,2225 23rd Ave Unit 2219-A,Oakland,CA,94606,,apartment,2,1,540,1795,,https://www.redfin.com/CA/Oakland/2225-23rd-Ave-94606/unit-2219-A/apartment/201415309,2,2,3,2,2,2,2,71.4,2,,2,2,,,,1,58.3,Yes,Yes,,Yes,,No,No,,Yes,Yes,Yes,Yes,,,,,,,,,,,,,,,77,58,58,67.5,66.3,C,,$27.06,Review,,,37.7900661,-122.2307758
3,6506 Foothill Blvd Apt F,Oakland,CA,94605,,apartment,2,1,648,1745,,https://www.redfin.com/CA/Oakland/6506-Foothill-Blvd-94605/unit-F/home/200346492,1,2,1,2,2,2,2,57.1,2,,2,2,,,,1,58.3,No,Yes,,No,,No,No,,No,No,Yes,,,,,,,,,,,,,,,,87,57,60,72.6,61.8,C,,$28.24,Review,,,37.770754,-122.182805
3,668 21st St,Oakland,CA,94612,,apartment,2,1,975,1676,,https://www.redfin.com/CA/Oakland/Cathedral-Gardens/apartment/196265650,2,2,2,2,2,2,2,66.7,2,,2,2,,,,2,66.7,Yes,Yes,Yes,Yes,Yes,Yes,Yes,,No,Yes,Yes,Yes,,,,,,,,,,,,,,,97,81,96,92.0,73.7,B,,$22.74,Review,,,37.81090208878438,-122.27228550274224
3,9635 Plymouth St Unit 2,Oakland,CA,94603,,apartment,2,1,620,1595,,https://www.redfin.com/CA/Oakland/9635-Plymouth-St-94603/unit-2/apartment/200170901,2,2,2,2,2,2,2,66.7,1,,,2,,,,1,44.4,No,Yes,No,,Yes,No,No,,Yes,Yes,,,,,,,,,,,,,,,,,75,56,56,65.5,59.6,C,,$26.78,Review,,,37.746725,-122.1682269
4,1638 47th Ave,Oakland,CA,94601,,apartment,2,1,500,2042,,https://www.redfin.com/CA/Oakland/1638-47th-Ave-94601/home/172820392,2,2,2,3,2,2,3,76.2,3,,2,2,,,,1,66.7,No,Yes,Yes,No,Yes,No,No,,No,Yes,Yes,,,,,,,,,,,,,,,,93,59,76,79.4,74.2,B,,$27.53,Review,,,37.7721172,-122.2092287
4,3142 Fruitvale Ave,Oakland,CA,94602,,apartment,2,1,"1,100",2533,,https://www.redfin.com/CA/Oakland/3142-Fruitvale-Ave-94602/apartment/178711390,3,2,3,3,3,2,3,90.5,2,,2,2,,,,3,75.0,No,Yes,,Yes,Yes,Yes,Yes,,No,Yes,Yes,,,,,,,,,,,,,,,,87,57,72,75,81.4,B,,$31.10,Review,,,37.795609969387755,-122.21819118367347
4,7911 Bancroft Ave,Oakland,CA,94605,,apartment,2,1,900,2500,,https://www.redfin.com/CA/Oakland/7911-Bancroft-Ave-94605/apartment/1404939,2,2,2,2,2,2,3,71.4,2,,2,2,,,,2,66.7,Yes,Yes,No,No,,No,No,,No,Yes,Yes,Yes,,,,,,,,,,,,,,,73,59,69,68,69.0,C,,$36.22,Review,,,37.7617395,-122.1729469
4,2369 E 21st St,Oakland,CA,94601,,apartment,2,1,840,2500,,https://www.redfin.com/CA/Oakland/2369-E-21st-St-94601/home/2017259,2,3,2,2,2,2,2,71.4,1,,2,2,,,,2,58.3,Yes,Yes,,No,Yes,No,Yes,,Yes,Yes,Yes,Yes,,,,,,,,,,,,,,,83,58,66,72.1,67.6,C,,$36.97,Review,,,37.7875969,-122.2304841
4,2678 79th Ave Unit B,Oakland,CA,94605,,apartment,2,1,"1,000",2500,,https://www.redfin.com/CA/Oakland/2678-79th-Ave-94605/unit-B/apartment/193252030,2,2,2,3,2,2,2,71.4,2,,2,2,,,,3,75.0,No,Yes,,No,No,No,No,,No,Yes,Yes,,,,,,,,,,,,,,,,78,59,65,69.7,72.0,B,,$34.70,Review,,,37.7636907,-122.1700937
4,2416 8th Ave Apt 204,Oakland,CA,94606,,apartment,2,1,975,2500,,https://www.redfin.com/CA/Oakland/2416-8th-Ave-94606/unit-204/home/200224527,1,1,2,1,2,2,2,52.4,1,,2,1,,,,2,50.0,No,Yes,No,,,No,No,,Yes,No,No,,,,,,,,,,,,,,,,74,59,59,66.5,55.6,C,,$44.98,Review,,,37.8002159,-122.2414835
4,9317 Walnut St,Oakland,CA,94603,,apartment,2,1,950,2500,,https://www.redfin.com/CA/Oakland/9317-Walnut-St-94603/apartment/201475781,2,2,1,1,1,2,2,52.4,2,,2,2,,,,2,66.7,No,Yes,,No,Yes,No,No,,No,No,No,Yes,,,,,,,,,,,,,,,78,55,54,66.3,60.6,C,,$41.25,Review,,,37.748819208180514,-122.17097874684835
4,1914 6th Ave Unit 2,Oakland,CA,94606,,apartment,2,1,"1,500",2500,,https://www.redfin.com/CA/Oakland/1914-6th-Ave-94606/unit-2/apartment/201542503,1,1,2,2,2,2,2,57.1,2,,1,1,,,,3,58.3,No,Yes,No,No,Yes,Yes,Yes,,Yes,Yes,Yes,,,,,,,,,,,,,,,,92,63,76,80.1,63.9,C,,$39.13,High-location / low-quality opportunity,,,37.798423,-122.2479441
4,2824 23rd Ave,Oakland,CA,94606,,apartment,2,1,800,2499,,https://www.redfin.com/CA/Oakland/2824-23rd-Ave-94606/apartment/201278711,2,2,3,2,2,2,2,71.4,2,,2,2,,,,2,66.7,Yes,Yes,Yes,Yes,Yes,Yes,No,,Yes,Yes,Yes,,,,,,,,,,,,,,,,73,57,70,67.6,68.9,C,,$36.26,Review,,,37.79480667346939,-122.2264825510204
4,3080 Richmond Blvd,Oakland,CA,94611,,apartment,2,1,867,2395,,https://www.redfin.com/CA/Oakland/3080-Richmond-Blvd-94611/apartment/1253554,2,3,2,2,3,2,2,76.2,2,,2,2,,,,2,66.7,Yes,Yes,,No,Yes,Yes,Yes,,Yes,Yes,Yes,,,,,,,,,,,,,,,,91,61,71,78,73.8,B,,$32.46,Review,,,37.81933996,-122.2595196
4,322 Monte Vista Ave Unit 104-,Oakland,CA,94611,,apartment,2,1,"1,000",2495,,https://www.redfin.com/CA/Oakland/322-Monte-Vista-Ave-94611/unit-104/apartment/191472678,1,1,2,1,2,1,2,47.6,2,,2,2,,,,3,75.0,Yes,Yes,,No,,Yes,No,,Yes,No,Yes,,,,,,,,,,,,,,,,91,52,70,75.1,63.6,C,,$39.22,High-location / low-quality opportunity,,,37.8227337,-122.2495384
4,6620 Herzog St Unit 1,Oakland,CA,94608,,apartment,2,1,—,2495,,https://www.redfin.com/CA/Oakland/6620-Herzog-St-94608/unit-1/apartment/191748707,2,2,3,1,2,1,3,66.7,2,,2,2,,,,3,75.0,No,Yes,No,No,Yes,Yes,Yes,,Yes,Yes,Yes,,,,,,,,,,,,,,,,90,60,87,80.4,73.0,B,,$34.17,Review,,,37.8498472,-122.283652
4,3248 Prentiss St Apt 2,Oakland,CA,94601,,apartment,2,1,800,2495,,https://www.redfin.com/CA/Oakland/3248-Prentiss-St-94601/unit-2/home/200376101,2,2,2,2,1,1,3,61.9,2,,2,2,,,,2,66.7,Yes,Yes,No,No,No,No,No,,Yes,Yes,Yes,Yes,,,,,,,,,,,,,,,80,55,59,68.3,65.1,C,,$38.30,Review,,,37.7887195,-122.2188235
4,2401 Bartlett St Unit D,Oakland,CA,94601,,apartment,2,1,—,2495,,https://www.redfin.com/CA/Oakland/2401-Bartlett-St-94601/unit-D/apartment/201116846,2,2,3,2,2,2,,72.2,2,,2,2,,,,3,75.0,,Yes,No,No,,No,No,,No,Yes,Yes,Yes,,,,,,,,,,,,,,,70,53,67,64.3,70.9,B,,$35.21,Review,,,37.7876838,-122.213336
4,201 Athol Ave Apt 303,Oakland,CA,94606,,apartment,2,1,—,2495,,https://www.redfin.com/CA/Oakland/201-Athol-Ave-94606/unit-303/home/201400124,1,1,2,2,2,1,1,47.6,2,,2,2,,,,3,75.0,Yes,Yes,No,No,,Yes,No,,Yes,No,No,No,,,,,,,,,,,,,,,92,66,87,83.2,65.9,C,,$37.88,High-location / low-quality opportunity,,,37.8009548,-122.2515868
4,6618 Laird Ave,`,CA,94605,,apartment,2,1,"1,000",2453,,https://www.redfin.com/CA/Oakland/6618-Laird-Ave-94605/home/1543692,1,2,2,1,2,1,2,52.4,3,,2,2,,,,3,83.3,Yes,Yes,No,,No,No,Yes,,Yes,No,No,,,,,,,,,,,,,,,,71,56,32,58.7,63.6,C,,$38.57,Review,,,37.7736741,-122.1754438
4,1446 1st Ave Unit 1450,Oakland,CA,94606,,apartment,2,1,850,2450,,https://www.redfin.com/CA/Oakland/1446-1st-Ave-94606/unit-1450/home/200913685,1,2,2,2,2,1,2,57.1,1,,3,2,,,,2,66.7,Yes,Yes,No,Yes,,No,Yes,,Yes,Yes,Yes,,,,,,,,,,,,,,,,94,74,96,88.4,68.7,C,,$35.64,High-location / low-quality opportunity,,,37.7990339,-122.2563205
4,641 Oakland Ave Apt E,Oakland,CA,94611,,apartment,2,1,—,2425,,https://www.redfin.com/CA/Oakland/641-Oakland-Ave-94611/unit-E/home/200917280,2,2,2,2,2,2,2,66.7,3,,2,2,,,,3,83.3,Yes,Yes,,No,,Yes,No,Yes,No,Yes,Yes,,,,,,,,,,,,,,,,86,52,67,72,73.2,B,,$33.11,Review,,,37.8209332,-122.2506872
4,1777 Sausal St,Oakland,CA,94602,,apartment,2,1,900,2400,,https://www.redfin.com/CA/Oakland/1777-Sausal-St-94602/apartment/1841627,2,2,2,2,2,2,2,66.7,2,,2,2,,,,2,66.7,Yes,Yes,,No,,Yes,No,,No,No,Yes,,,,,,,,,,,,,,,,84,58,59,71.2,67.9,C,,$35.33,Review,,,37.7983828,-122.2204941
4,3230 Maple Ave Unit 3230,Oakland,CA,94602,,apartment,2,1,—,2400,,https://www.redfin.com/CA/Oakland/3230-Maple-Ave-94602/unit-3230/apartment/200930307,2,1,1,2,1,2,3,57.1,2,,2,2,,,,3,75.0,No,Yes,No,,,Yes,No,,Yes,Yes,No,,,,,,,,,,,,,,,,82,54,53,67.8,65.6,C,,$36.61,Review,,,37.7936523,-122.2084389
4,5308 Market St Unit 5310,Oakland,CA,94608,,apartment,2,1,—,2400,,https://www.redfin.com/CA/Oakland/5308-Market-St-94608/unit-5310/home/200955995,3,2,3,3,2,3,3,90.5,2,,2,2,,,,3,75.0,Yes,Yes,No,No,,No,Yes,,Yes,Yes,Yes,Yes,,,,,,,,,,,,,,,90,66,99,84.6,84.1,B,,$28.53,Review,,,37.8378963,-122.2734254
4,232 Foothill Blvd Unit 2,Oakland,CA,94606,,apartment,2,1,700,2400,,https://www.redfin.com/CA/Oakland/232-Foothill-Blvd-94606/unit-2/apartment/201065484,2,2,3,3,2,2,3,81.0,3,,3,2,,,,2,83.3,No,Yes,,No,Yes,Yes,Yes,Yes,No,Yes,Yes,,,,,,,,,,,,,,,,94,71,97,87.7,83.6,B,,$28.72,Review,,,37.7989786,-122.2538717
4,548 105th Ave Unit 13,Oakland,CA,94603,,apartment,2,1,800,2399,,https://www.redfin.com/CA/Oakland/548-105th-Ave-94603/unit-13/apartment/183301300,1,1,1,2,1,2,2,47.6,1,,2,2,,,,2,58.3,No,Yes,No,No,,No,No,,No,No,No,Yes,,,,,,,,,,,,,,,68,37,59,56.9,53.5,D,,$44.87,Review,,,37.7318704,-122.1791169
4,255 MacArthur Blvd,Oakland,CA,94610,,apartment,2,1,750,2395,,https://www.redfin.com/CA/Oakland/548-105th-Ave-94603/unit-13/apartment/183301300,2,2,2,2,2,2,3,71.4,2,,2,2,,,,2,66.7,Yes,Yes,No,No,Yes,Yes,Yes,,No,Yes,Yes,No,,,,,,,,,,,,,,,81,58,71,72.1,70.2,B,,$34.14,Review,,,37.8155735,-122.2523478
4,1070 54th St,Emeryville,CA,94608,,apartment,2,1,—,2395,,https://www.redfin.com/CA/Emeryville/1070-54th-St-94608/home/1570668,2,2,2,3,2,1,3,71.4,3,,2,2,,,,3,83.3,No,Yes,No,Yes,Yes,No,Yes,,Yes,Yes,Yes,,,,,,,,,,,,,,,,93,62,98,84.7,78.8,B,,$30.41,Review,,,37.8380773,-122.2807182
4,407 Fairmount Ave,Oakland,CA,94611,,apartment,2,1,821,2295,,https://www.redfin.com/CA/Oakland/407-Fairmount-Ave-94611/apartment/1627385,2,2,1,2,2,1,2,57.1,3,,2,2,,,,2,75.0,No,Yes,No,No,Yes,No,No,,No,No,No,,,,,,,,,,,,,,,,87,57,67,74,67.3,C,,$34.11,Review,,,37.8194156,-122.256638
4,3811 39th Ave,Oakland,CA,94619,,apartment,2,1,800,2395,,https://www.redfin.com/CA/Oakland/3811-39th-Ave-94619/apartment/1803746,2,,2,2,2,2,2,66.7,3,,,,,,,2,83.3,No,Yes,No,No,Yes,Yes,No,Yes,No,No,No,,,,,,,,,,,,,,,,87,50,62,70.9,72.9,B,,$32.84,Review,,,37.7923022,-122.1942568
5,"15267 Hesperian Blvd, San Leandro, CA 94578",San Leandro,CA,94578,,apartment,2,1,838,"$2,581",$3.08,https://sfbay.craigslist.org/eby/apa/d/san-leandro-exceptional-br-living/7922906591.html,3,3,2,3,2,2,3,85.7,,,,,,,,2,66.7,No,,,Yes,Yes,Yes,,,Yes,No,No,No,,,,,,,,,,,,,,,78,65,82,74.9,76.9,B,,$33.57,Review,,Bright 2BR with hardwood floors and parking near Lake Merritt.,37.6949777,-122.1304232
5,1506 4TH AVE.,OAKLAND,CA,94606,,apartment,2,1,698,1900,$2.72,https://sfbay.craigslist.org/eby/apa/d/oakland-charming-bedroom-in-vintage/7935256216.html,2,2,2,2,2,2,2,66.7,2,,2,2,,,,1,58.3,Yes,Yes,No,,,No,No,,Yes,Yes,Yes,Yes,,,,,,,,,,,,,,,94,67,98,86.7,69.7,C,,$27.27,Review,,Bright 2BR with hardwood floors and parking near Lake Merritt.,37.7971545,-122.2534429
5,671 Vernon Street Unit #107,Oakland,CA,94610,,apartment,2,1,756,2650,$3.51,https://sfbay.craigslist.org/eby/apa/d/oakland-ideal-location-close-to/7935256459.html,2,2,2,3,2,2,3,76.2,2,,2,2,,,,2,66.7,No,Yes,,No,Yes,Yes,No,,No,Yes,Yes,No,,,,,,,,,,,,,,,85,53,60,70.4,71.7,B,,$36.97,Review,,Bright 2BR with hardwood floors and parking near Lake Merritt.,37.820191,-122.248705
5,3649 Martin Luther King Junior Way,Oakland,CA,94609,,apartment,2,1,,2198,#DIV/0!,https://sfbay.craigslist.org/eby/apa/d/oakland-beautiful-2bd-1ba-in-beautiful/7935248526.html,2,2,2,2,2,2,2,66.7,2,,2,2,,,,,66.7,No,Yes,No,No,Yes,No,No,,Yes,Yes,Yes,,,,,,,,,,,,,,,,88,74,88,83.8,71.4,B,,$30.77,Review,,Bright 2BR with hardwood floors and parking near Lake Merritt.,37.8258572244898,-122.2695129387755
5,"835 40th Street, #1",Oakland,CA,94608,,apartment,2,1,650,2695,$4.15,https://sfbay.craigslist.org/eby/apa/d/oakland-1-2nd-floor-unit-garage-laundry/7935252764.html,2,2,3,2,2,2,3,76.2,2,,2,2,,,,1,58.3,No,Yes,,No,Yes,No,No,,Yes,Yes,Yes,Yes,,,,,,,,,,,,,,,90,74,99,87.0,73.7,B,,$36.55,Review,,Bright 2BR with hardwood floors and parking near Lake Merritt.,37.830239022616816,-122.2714828913551
5,1221 E 20th Street,Oakland,CA,94606,,apartment,2,1,850,2293,$2.70,https://sfbay.craigslist.org/eby/apa/d/oakland-convenient-full-size-washer/7935243208.html,3,2,2,3,2,2,3,81.0,2,,,,,,,2,66.7,No,Yes,No,No,Yes,Yes,No,,Yes,Yes,Yes,No,,,,,,,,,,,,,,,86,57,67,73.5,74.5,B,,$30.77,Review,,Bright 2BR with hardwood floors and parking near Lake Merritt.,37.79430311828453,-122.24236371601803
5,395 Palm,Oakland,CA,94610,,apartment,2,1,,2218,#DIV/0!,https://sfbay.craigslist.org/eby/apa/d/oakland-1000-look-lease-xl-top-floor/7935234945.html,2,3,2,1,3,2,3,76.2,2,,2,2,,,,,66.7,No,Yes,,No,No,Yes,Yes,,No,Yes,Yes,,,,,,,,,,,,,,,,86,59,82,77.1,73.5,B,,$30.16,Review,,Bright 2BR with hardwood floors and parking near Lake Merritt.,37.8131665,-122.2528818
5,1428 105th Avenue,Oakland,CA,94603,,apartment,2,1,770,1698,$2.21,https://sfbay.craigslist.org/eby/apa/d/oakland-yoga-room-resident-clubhouse/7935197864.html,3,2,3,2,3,,3,88.9,3,,2,2,,,,2,75.0,,Yes,No,No,Yes,Yes,Yes,Yes,Yes,Yes,Yes,,,,,,,,,,,,,,,,76,55,69,68.3,78.9,B,,$21.51,Review,,Bright 2BR with hardwood floors and parking near Lake Merritt.,37.739334,-122.166042
5,Hampel St,Oakland,CA,94602,,apartment,2,1,,3100,#DIV/0!,https://sfbay.craigslist.org/eby/apa/d/oakland-updated-2br-glenview-flat-yard/7929347577.html,2,2,2,2,2,1,3,66.7,3,,2,2,,,,,77.8,Yes,Yes,,No,No,Yes,No,,No,Yes,Yes,Yes,,,,,,,,,,,,,,,87,56,57,71.7,71.5,B,,$43.38,Review,,Bright 2BR with hardwood floors and parking near Lake Merritt.,37.8057071,-122.2220193
5,1701 36th Ave,Oakland,CA,94601,,apartment,2,1,,2233,#DIV/0!,https://sfbay.craigslist.org/eby/apa/d/oakland-near-major-public-transit-and/7931275386.html,3,2,3,2,2,2,3,81.0,3,,2,2,,,,,77.8,No,Yes,Yes,No,Yes,Yes,Yes,,Yes,Yes,Yes,,,,,,,,,,,,,,,,92,71,80,83.3,80.6,B,,$27.69,Review,,Bright 2BR with hardwood floors and parking near Lake Merritt.,37.77985943237923,-122.21954392910337
5,945 40th Street,Oakland,CA,94608,,apartment,2,1,,2450,#DIV/0!,https://sfbay.craigslist.org/eby/apa/d/emeryville-remodeled-unit-near-the/7930529777.html,2,2,2,2,2,2,,66.7,2,,2,2,,,,,66.7,No,Yes,No,No,Yes,No,No,,Yes,Yes,Yes,,,,,,,,,,,,,,,,91,71,98,86.4,72.1,B,,$33.96,Review,,Bright 2BR with hardwood floors and parking near Lake Merritt.,37.8305508,-122.2753107
5,33 Home Place East Unit A,Oakland,CA,94610,,apartment,2,1,800,2195,$2.74,https://sfbay.craigslist.org/eby/apa/d/oakland-bright-comfortable-bedroom/7935152035.html,2,2,3,2,2,2,2,71.4,2,,2,2,,,,2,66.7,Yes,Yes,No,Yes,Yes,No,Yes,,Yes,Yes,Yes,,,,,,,,,,,,,,,,78,56,51,66.0,68.5,C,,$32.06,Review,,Bright 2BR with hardwood floors and parking near Lake Merritt.,37.8036682,-122.2376029
5,1470 Alice st,Oakland,CA,94612,,apartment,2,1,900,2250,$2.50,https://sfbay.craigslist.org/eby/apa/d/oakland-large-2bdrm-great-location/7935139849.html,2,2,2,2,2,2,2,66.7,2,,2,2,,,,2,66.7,Yes,Yes,,Yes,Yes,Yes,No,,No,No,No,,,,,,,,,,,,,,,,98,87,92,93.5,74.1,B,,$30.36,Review,,Bright 2BR with hardwood floors and parking near Lake Merritt.,37.803406,-122.2654705
5,2210 10th Avenue,Oakland,CA,94606,,apartment,2,1,750,2145,$2.86,https://sfbay.craigslist.org/eby/apa/d/oakland-ready-now-large-2br-apt/7933870388.html,3,2,3,3,2,2,3,85.7,3,,2,2,,,,2,75.0,No,Yes,Yes,No,No,Yes,Yes,,Yes,Yes,Yes,,,,,,,,,,,,,,,,80,57,69,70.9,78.3,B,,$27.39,Review,,Bright 2BR with hardwood floors and parking near Lake Merritt.,37.797357,-122.2417813
5,Loma Vista Ave,Oakland,CA,94619,,apartment,2,1,,2495,#DIV/0!,https://sfbay.craigslist.org/eby/apa/d/oakland-bright-upper-duplex-hardwood/7931283320.html,2,2,2,2,2,2,2,66.7,2,,2,2,,,,,66.7,Yes,Yes,No,No,Yes,No,No,,Yes,Yes,Yes,,,,,,,,,,,,,,,,85,50,60,69.5,67.5,C,,$36.99,Review,,Bright 2BR with hardwood floors and parking near Lake Merritt.,37.7942798,-122.1962377
5,2694 Havenscourt Blvd,Oakland,CA,94605,A,apartment,2,1,,2195,#DIV/0!,https://sfbay.craigslist.org/eby/apa/d/oakland-upper-front-walk-up-in-plex/7930490435.html,1,1,2,2,2,2,1,52.4,3,,2,2,,,,,77.8,No,Yes,,No,Yes,No,No,,Yes,No,No,No,,,,,,,,,,,,,,,86,57,66,73.3,66.0,C,,$33.28,Review,,Bright 2BR with hardwood floors and parking near Lake Merritt.,37.76870650904774,-122.18262670564113
5,3811 39TH AVE,Oakland,CA,94619,,apartment,2,1,,2395,#DIV/0!,https://sfbay.craigslist.org/eby/apa/d/oakland-renovated-2br-first-floor-unit/7934496124.html,1,2,2,2,2,,,60.0,3,,2,2,,,,,77.8,No,Yes,No,No,Yes,No,No,,Yes,No,No,,,,,,,,,,,,,,,,87,50,62,70.9,68.5,C,,$34.98,Review,,Bright 2BR with hardwood floors and parking near Lake Merritt.,37.7923022,-122.1942568
5,2916 Martin Luther King,Oakland,CA,94609,,apartment,2,1,750,2395,$3.19,https://sfbay.craigslist.org/eby/apa/d/oakland-beds-1bath-bed-sect-friendly/7934090579.html,2,2,3,1,2,2,1,61.9,2,,2,2,,,,2,66.7,No,Yes,No,No,No,No,No,,Yes,Yes,Yes,,,,,,,,,,,,,,,,92,68,89,84.2,69.6,C,,$34.43,High-location / low-quality opportunity,,Bright 2BR with hardwood floors and parking near Lake Merritt.,37.819389,-122.270727
5,7123 Holly St,Oakland,CA,94621,D,apartment,2,1,700,1925,$2.75,https://sfbay.craigslist.org/eby/apa/d/oakland-large-and-super-economic-bed/7930555498.html,1,2,2,1,2,2,2,57.1,1,,2,2,,,,2,58.3,No,Yes,No,No,Yes,No,No,,No,No,Yes,,,,,,,,,,,,,,,,75,59,67,68.6,60.7,C,,$31.72,Review,,Bright 2BR with hardwood floors and parking near Lake Merritt.,37.7628301,-122.1841406
5,491 Mandana Blvd,Oakland,CA,94610,,apartment,2,1,750,2010,$2.68,https://sfbay.craigslist.org/eby/apa/d/oakland-fabulous-locale-shops/7935106775.html,2,2,2,1,2,2,2,61.9,1,,2,1,,,,2,50.0,No,Yes,No,No,Yes,No,No,,Yes,Yes,Yes,Yes,,,,,,,,,,,,,,,98,51,70,78.3,62.8,C,,$32.00,High-location / low-quality opportunity,,Bright 2BR with hardwood floors and parking near Lake Merritt.,37.8132057,-122.2449755
5,McElroy St.,Oakland,CA,94607,,apartment,2,1,800,1975,$2.47,https://sfbay.craigslist.org/eby/apa/d/oakland-lovely-remodeled-lower-unit-of/7932789059.html,2,2,2,2,2,2,2,66.7,2,,2,2,,,,2,66.7,No,Yes,,,No,Yes,Yes,,Yes,Yes,Yes,Yes,,,,,,,,,,,,,,,74,63,91,74.1,68.7,C,,$28.74,Review,,Bright 2BR with hardwood floors and parking near Lake Merritt.,37.8095557,-122.3017491
5,23 Home Place West,Oakland,CA,94123,,apartment,2,1,,2425,#DIV/0!,https://sfbay.craigslist.org/eby/apa/d/oakland-extremely-large-sunny-bedroom/7933880517.html,2,2,2,2,2,2,2,66.7,2,,2,2,,,,,66.7,No,Yes,No,No,Yes,No,No,,Yes,Yes,Yes,,,,,,,,,,,,,,,,77,57,50,65.6,66.4,C,,$36.54,Review,,Bright 2BR with hardwood floors and parking near Lake Merritt.,37.788392,-122.43311
5,El Dorado Avenue,Oakland,CA,94611,,apartment,2,1,,2350,#DIV/0!,https://sfbay.craigslist.org/eby/apa/d/oakland-br-2br-1ba-new-vinyl-flooring/7935017407.html,1,1,2,2,2,2,2,57.1,2,,2,2,,,,,66.7,Yes,Yes,No,No,Yes,Yes,No,,No,No,No,,,,,,,,,,,,,,,,94,57,63,76.7,65.5,C,,$35.89,High-location / low-quality opportunity,,Bright 2BR with hardwood floors and parking near Lake Merritt.,37.8219209,-122.2524807
5,580 Vernon,Oakland,CA,94611,,apartment,2,1,,2095,#DIV/0!,https://sfbay.craigslist.org/eby/apa/d/oakland-large-bedroom-in-oakland-rose/7931535545.html,2,2,2,2,2,2,2,66.7,2,,2,2,,,,,66.7,No,Yes,No,No,Yes,No,No,,No,Yes,Yes,,,,,,,,,,,,,,,,87,54,64,72.5,68.3,C,,$30.68,Review,,Bright 2BR with hardwood floors and parking near Lake Merritt.,37.8183332,-122.2498247
5,136 Catron Dr,Oakland,CA,94603,,apartment,2,1,,2500,#DIV/0!,https://sfbay.craigslist.org/eby/apa/d/oakland-near-sobrante-park-oakland/7929525523.html,2,2,2,3,2,2,3,76.2,3,,2,2,,,,,77.8,No,Yes,No,No,,No,No,,No,Yes,Yes,,,,,,,,,,,,,,,,31,44,44,37.5,65.9,C,,$37.92,Review,,Bright 2BR with hardwood floors and parking near Lake Merritt.,37.7254669,-122.1767748
5,9201 Bancroft Ave,Oakland,CA,94603,,apartment,2,1,850,2000,$2.35,https://sfbay.craigslist.org/eby/apa/d/oakland-large-unit-gated-and-with/7933741922.html,2,2,2,2,2,2,2,66.7,2,,2,2,,,,2,66.7,No,Yes,No,No,Yes,Yes,No,,Yes,Yes,Yes,,,,,,,,,,,,,,,,70,56,62,64.2,66.0,C,,$30.31,Review,,Bright 2BR with hardwood floors and parking near Lake Merritt.,37.7523597,-122.1653941
5,722 Alcatraz Ave,Oakland,CA,94609,,apartment,2,1,,2795,#DIV/0!,https://sfbay.craigslist.org/eby/apa/d/oakland-2br-gem-in-walkers-paradise/7934849794.html,1,1,1,2,2,2,3,57.1,3,,2,2,,,,,77.8,No,Yes,No,No,Yes,No,No,,Yes,Yes,Yes,,,,,,,,,,,,,,,,93,64,98,85.3,71.3,B,,$39.22,High-location / low-quality opportunity,,Bright 2BR with hardwood floors and parking near Lake Merritt.,37.8496792,-122.2663614
5,1431 Linden St #B,Oakland,CA,94607,,apartment,2,1,,2500,#DIV/0!,https://sfbay.craigslist.org/eby/apa/d/oakland-1431-linden-st-bedroom-bath/7934838300.html,2,2,1,2,2,2,2,61.9,3,,2,2,,,,,77.8,Yes,Yes,No,No,Yes,No,No,Yes,No,Yes,Yes,,,,,,,,,,,,,,,,83,70,95,81.5,72.2,B,,$34.63,High-location / low-quality opportunity,,Bright 2BR with hardwood floors and parking near Lake Merritt.,37.8098607,-122.2840097
5,San Leandro St,Oakland,CA,94601,,apartment,2,1,650,1995,$3.07,https://sfbay.craigslist.org/eby/apa/d/oakland-remodeled-2bd-in-unit-laundry/7934834929.html,2,2,2,2,2,2,2,66.7,2,,2,2,,,,1,58.3,No,Yes,,Yes,No,Yes,No,Yes,Yes,Yes,No,,,,,,,,,,,,,,,,96,73,83,86.5,69.6,C,,$28.65,Review,,Bright 2BR with hardwood floors and parking near Lake Merritt.,37.7630044,-122.2080695
5,2330 Webster St,Oakland,CA,94612,,apartment,2,1,968,3751,$3.88,https://sfbay.craigslist.org/eby/apa/d/oakland-2bd-1ba-balcony-available-now/7933918960.html,3,3,3,3,3,2,3,95.2,2,,3,2,,,,2,75.0,Yes,Yes,Yes,Yes,Yes,Yes,Yes,Yes,No,Yes,Yes,,,,,,,,,,,,,,,,99,78,97,92.3,88.2,A,,$42.51,Top-of-market comp,,Bright 2BR with hardwood floors and parking near Lake Merritt.,37.81242022461214,-122.2650394897914
5,4228 Masterson St,Oakland,CA,94619,,apartment,2,1,,2150,#DIV/0!,https://sfbay.craigslist.org/eby/apa/d/oakland-coming-soon-bedroom-lower-unit/7931754895.html,2,2,1,1,2,2,2,57.1,2,,,,,,,,66.7,No,Yes,No,No,Yes,No,No,,No,Yes,,,,,,,,,,,,,,,,,91,50,61,72.7,64.4,C,,$33.40,Review,,Bright 2BR with hardwood floors and parking near Lake Merritt.,37.7887096,-122.1944287
5,D Street,Oakland,CA,94603,,apartment,2,1,700,2000,$2.86,https://sfbay.craigslist.org/eby/apa/d/oakland-beautiful-bedroom-bath-unit/7934750780.html,1,1,1,2,2,2,2,52.4,1,,2,2,,,,2,58.3,No,Yes,No,No,Yes,No,No,,Yes,No,Yes,,,,,,,,,,,,,,,,69,48,58,60.5,56.5,C,,$35.43,Review,,Bright 2BR with hardwood floors and parking near Lake Merritt.,37.7481108,-122.1800591
5,1663 80th Ave #D,Oakland,CA,94621,,apartment,2,1,,2000,#DIV/0!,https://sfbay.craigslist.org/eby/apa/d/oakland-renovated-bedroom-bathroom-plex/7930548986.html,2,2,3,1,2,2,2,66.7,3,,2,2,,,,,77.8,No,Yes,No,No,Yes,Yes,Yes,Yes,Yes,Yes,Yes,,,,,,,,,,,,,,,,66,58,69,64.2,69.4,C,,$28.83,Review,,Bright 2BR with hardwood floors and parking near Lake Merritt.,37.7589421,-122.177454
5,1125 Campbell St,Oakland,CA,94607,,apartment,2,1,,2000,#DIV/0!,https://sfbay.craigslist.org/eby/apa/d/oakland-charming-bedroom-duplex/7932290475.html,2,2,2,2,2,2,2,66.7,2,,2,2,,,,,66.7,No,Yes,,No,,No,Yes,,No,Yes,Yes,,,,,,,,,,,,,,,,81,65,95,79.0,70.1,B,,$28.53,Review,,Bright 2BR with hardwood floors and parking near Lake Merritt.,37.810428,-122.296779
5,Star Avenue,Oakland,CA,94619,,sfh,2,1,,2888,#DIV/0!,https://sfbay.craigslist.org/eby/apa/d/oakland-nice-sfr-bdrm-with-garage/7934734739.html,2,2,2,2,2,2,2,66.7,2,,2,2,,,,,66.7,Yes,Yes,No,Yes,Yes,No,No,,Yes,Yes,Yes,,,,,,,,,,,,,,,,83,51,70,70.8,67.8,C,,$42.59,Review,,Bright 2BR with hardwood floors and parking near Lake Merritt.,37.7892444,-122.2028147
5,1918 Lakeshore Avenue,Oakland,CA,94606,,apartment,2,1,800,2450,$3.06,https://sfbay.craigslist.org/eby/apa/d/oakland-lake-views-in-bright-renovated/7934631256.html,3,3,3,3,3,3,3,100.0,2,,2,3,,,,2,75.0,No,Yes,Yes,No,Yes,Yes,Yes,Yes,Yes,Yes,Yes,,,,,,,,,,,,,,,,90,69,82,82.1,87.4,A,,$28.04,Top-of-market comp,,Bright 2BR with hardwood floors and parking near Lake Merritt.,37.8028688,-122.2533046
5,Star Ave,Oakland,CA,94546,,apartment,2,1,800,2998,$3.75,https://sfbay.craigslist.org/eby/apa/d/oakland-bedroom-bath-house-yard-and/7934626126.html,2,2,2,2,1,2,2,61.9,2,,2,2,,,,2,66.7,Yes,Yes,No,Yes,Yes,No,Yes,,No,Yes,Yes,,,,,,,,,,,,,,,,83,51,70,70.8,65.8,C,,$45.54,Review,,Bright 2BR with hardwood floors and parking near Lake Merritt.,37.7892444,-122.2028147
5,240 Grand Avenue,Oakland,CA,94606,,apartment,2,1,880,2845,$3.23,https://sfbay.craigslist.org/eby/apa/d/oakland-bedroom-near-lake-merritt/7934612379.html,3,2,2,3,2,2,3,81.0,2,,2,2,,,,2,66.7,No,Yes,No,No,,Yes,Yes,Yes,Yes,Yes,Yes,,,,,,,,,,,,,,,,95,72,90,87.1,78.3,B,,$36.34,Review,,Bright 2BR with hardwood floors and parking near Lake Merritt.,37.8101899,-122.2594752
5,949 41 street,Oakland,CA,94608,,apartment,2,1,830,2000,$2.41,https://sfbay.craigslist.org/eby/apa/d/emeryville-two-bedroom-upstairs/7934602845.html,1,1,2,1,2,2,1,47.6,,,2,2,,,,2,66.7,No,Yes,No,No,Yes,,,,,Yes,Yes,,,,,,,,,,,,,,,,83,47,89,73.4,60.6,C,,$33.00,Review,,Bright 2BR with hardwood floors and parking near Lake Merritt.,37.831481,-122.274912
5,266 Athol Ave. #A,Oakland,CA,94606,,apartment,2,1,,2300,#DIV/0!,https://sfbay.craigslist.org/eby/apa/d/oakland-renovated-lake-merritt-ground/7934584030.html,3,2,2,2,2,2,3,76.2,2,,2,2,,,,,66.66666667,,,,,,,,,,,,,,,,,,,,,,,,,,,91,64,82,81.1,74.6,B,,$30.81,Review,,Bright 2BR with hardwood floors and parking near Lake Merritt.,37.8009584,-122.249394
