*,address_raw,city,state,zipcode,unit,property_type,bedrooms,bathrooms,sqft,rent,price_per_sqft,listing_url,K_Q_Overall,B_Q_Overall,Flooring_Q,Paint_Q,Lighting_Q,Window_Q,Appliance_Q,Quality_Score_100,K_Size_1_3,B_Size_1_3,B_Layout,Unit_Size_1_3_Auto,Size_Score_100,C_Balcony_Deck,C_Heating,C_AC,C_Washer_Dryer,C_Parking,C_Dishwasher,C_Microwave,C_Disposal,C_Hardwood,C_Updated_Kitchen,C_Updated_Bath,C_Outdoor_Space,Completeness_Score_100,WalkScore,TransitScore,BikeScore,Location_Score_100,Market_Score,Market_Grade,Luxury_Gap,Rent_per_Score,Opportunity_Flag,Notes,description_text
1,"15267 Hesperian Blvd, San Leandro, CA 94578",San Leandro,CA,94578,,apartment,2,1,838,"$2,581",$3.08,https://sfbay.craigslist.org/eby/apa/d/san-leandro-exceptional-br-living/7922906591.html,3,3,2,3,2,2,3,85.7,,,,2,66.7,No,,,Yes,Yes,Yes,,,Yes,No,No,No,50.0,78,65,82,74.9,69.0,C,50.0,$37.39,Feature-completeness gap,,Bright 2BR with hardwood floors and parking near Lake Merritt.
1,"87th Ave., Oakland, CA 94621",Oakland,CA,94621,,apartment,2,1,600,"$1,700",$2.83,https://sfbay.craigslist.org/eby/apa/d/oakland-beautiful-cozy-bedrooms-bath/7922906083.html,2,2,2,2,2,2,2,66.7,,,,1,33.3,Yes,,,Yes,,Yes,,,Yes,Yes,Yes,Yes,100.0,75,55,59,65.8,69.8,C,0.0,$24.35,Review,,
1,"16929 Meekland Ave, Hayward, CA 94541",Hayward,CA,94541,,apartment,2,1,600,"$2,674",$4.46,https://sfbay.craigslist.org/eby/apa/d/san-lorenzo-located-in-hayward-bd-ba/7917043216.html,2,,2,3,2,3,3,83.3,,,,1,33.3,Yes,,,No,Yes,Yes,,,Yes,Yes,,Yes,85.7,71,,60,47.5,66.9,C,14.3,$39.98,Review,,
1,"1200 65th Street, Emeryville/Oakland, CA 94608",Emeryville/Oakland,CA,94608,,apartment,2,1,,"$3,600",,https://sfbay.craigslist.org/eby/apa/d/emeryville-spacious-loft-style/7921818779.html,3,3,2,2,2,2,3,81.0,,,,,,,,,Yes,Yes,Yes,,,No,Yes,Yes,,83.3,94,,93,65.6,78.0,B,16.7,$46.15,Review,,
1,"120 Caldecott Lane #5, Oakland, CA 94618",Oakland,CA,94618,5,apartment,2,1,1290,"$2,697",$2.09,https://sfbay.craigslist.org/eby/apa/d/oakland-suburban-in-the-urban-area/7919483186.html,2,2,2,2,2,2,2,66.7,,,,3,100.0,Yes,,,,,Yes,,,Yes,Yes,No,Yes,83.3,18,22,34,22.4,69.5,C,16.7,$38.82,Review,,
1,"764 KINGSTON AVE, OAKLAND CA 94611, CA 94611",Oakland Ca 94611,CA,94611,,apartment,2,1,700,"$2,060",$2.94,https://sfbay.craigslist.org/eby/apa/d/oakland-piedmont-border-bedrooms-bath/7922883509.html,2,1,2,2,2,1,2,57.1,,,,2,66.7,Yes,,,No,,No,,,Yes,No,No,Yes,42.9,93,53,67,75.8,58.5,C,57.1,$35.22,High-location / low-quality opportunity,,
1,"16077 ashland Ave, San Lorenzo, CA 94580",San Lorenzo,CA,94580,,apartment,2,1,800,"$2,425",$3.03,https://sfbay.craigslist.org/eby/apa/d/san-leandro-live-large-in-retreat/7922881125.html,2,,2,3,2,3,2,77.8,,,,2,66.7,Yes,,,No,Yes,Yes,,,No,Yes,,Yes,71.4,71,42,57,59.5,70.0,C,28.6,$34.65,Review,,
1,"1771 Sausal Street, Oakland, CA 94602",Oakland,CA,94602,,apartment,2,1,,"$2,050",,https://sfbay.craigslist.org/eby/apa/d/oakland-newly-remodeled-large-bedroom/7917378104.html,1,1,2,3,3,3,2,71.4,,,,,,Yes,,,No,Yes,No,,,No,No,No,Yes,37.5,84,58,59,71.2,58.6,C,62.5,$34.95,Feature-completeness gap,,
1,"Channing Way, Berkeley, CA 94704",Berkeley,CA,94704,,apartment,2,1,,"$2,995",,https://sfbay.craigslist.org/eby/apa/d/berkeley-nice-quiet-bdrm-apt-near-ucb/7922322116.html,1,1,1,1,1,1,1,33.3,,,,,,,,,No,Yes,No,,,No,No,No,,16.7,99,68,93,88.5,40.9,D,83.3,$73.27,High-location / low-quality opportunity,,
1,"Delaware St, Berkeley, CA 94709",Berkeley,CA,94709,,apartment,2,1,,"$2,995",,https://sfbay.craigslist.org/eby/apa/d/berkeley-large-sunny-bdr-apt-on/7922322404.html,1,2,2,2,1,2,1,52.4,,,,,,Yes,,,No,Yes,,,,Yes,No,No,Yes,57.1,98,70,95,89.0,63.3,C,42.9,$47.30,High-location / low-quality opportunity,,
1,"2080 Regent way, Castro Valley, CA 94546",Castro Valley,CA,94546,,apartment,2,1,1000,"$2,995",$3.00,https://sfbay.craigslist.org/eby/apa/d/hayward-castro-valley-bedroom-house-for/7921226924.html,2,2,1,2,2,2,2,61.9,,,,3,100.0,Yes,,,Yes,Yes,,,,No,No,No,Yes,57.1,15,36,15,21.3,60.0,C,42.9,$49.94,Review,,
1,"2805 38th ave, Oakland, CA 94619",Oakland,CA,94619,,apartment,2,1,900,"$2,500",$2.78,https://sfbay.craigslist.org/eby/apa/d/oakland-modern-oakland-flat-bright/7920782773.html,2,3,2,3,2,2,2,76.2,,,,2,66.7,,,,Yes,,,,,No,Yes,Yes,,75.0,80,50,70,69.0,72.5,B,25.0,$34.49,Review,,
1,"2805 38th ave, Oakland, CA 94619",Oakland,CA,94619,,apartment,2,1,,"$2,500",,https://sfbay.craigslist.org/eby/apa/d/oakland-stylish-oakland-apartment-with/7922405188.html,2,3,2,3,2,2,2,76.2,,,,,,,,,Yes,,,,,No,Yes,Yes,,75.0,80,50,70,69.0,73.9,B,25.0,$33.81,Review,,
1,"16077 ashland Ave, San Lorenzo, CA 94580",San Lorenzo,CA,94580,,apartment,2,1,800,"$2,425",$3.03,https://sfbay.craigslist.org/eby/apa/d/san-leandro-discover-your-br-oasis-with/7922849073.html,2,,2,3,2,3,2,77.8,,,,2,66.7,Yes,,,No,Yes,Yes,,,No,Yes,,Yes,71.4,71,42,57,59.5,70.0,C,28.6,$34.65,Review,,
1,"Stannage ave, Albany, CA 94706",Albany,CA,94706,,apartment,2,1,875,"$2,600",$2.97,https://sfbay.craigslist.org/eby/apa/d/albany-berkeley-albany-2bed-bath-near/7916952119.html,2,2,2,1,1,1,2,52.4,,,,2,66.7,Yes,,,Yes,Yes,Yes,,,Yes,No,No,Yes,75.0,97,57,98,85.2,68.6,C,25.0,$37.91,High-location / low-quality opportunity,,
1,"1411 Alice St, Oakland, CA 94612",Oakland,CA,94612,,apartment,2,1,777,"$2,877",$3.70,https://sfbay.craigslist.org/eby/apa/d/oakland-effortless-downtown-living-br/7922846360.html,3,3,3,3,3,3,3,100.0,,,,2,66.7,No,,,Yes,Yes,Yes,,,No,Yes,Yes,No,62.5,99,88,91,94.1,80.9,B,37.5,$35.56,Review,,
1,"Buena Vista Ave., Alameda, CA 94501",Alameda,CA,94501,,apartment,2,1,900,"$2,550",$2.83,https://sfbay.craigslist.org/eby/apa/d/alameda-live-peacefully-in-the-heart-of/7922123062.html,2,,2,2,2,2,2,66.7,,,,2,66.7,,,,No,,Yes,,,No,Yes,,,50.0,86,49,74,72.5,62.8,C,50.0,$40.58,Review,,
1,"22160 Center Street, Castro Valley, CA 94546",Castro Valley,CA,94546,,apartment,2,1,977,"$2,673",$2.74,https://sfbay.craigslist.org/eby/apa/d/hayward-castro-valley-ca-on-site/7922397858.html,3,3,2,3,2,3,3,90.5,,,,2,66.7,Yes,,,No,Yes,Yes,,,No,Yes,Yes,Yes,75.0,71,38,42,55.3,74.0,B,25.0,$36.10,Review,,
1,"15267 Hesperian Blvd, San Leandro, CA 94578",San Leandro,CA,94578,,apartment,2,1,838,"$2,581",$3.08,https://sfbay.craigslist.org/eby/apa/d/san-leandro-effortless-living-br-home/7922833520.html,3,3,2,2,3,3,3,90.5,,,,2,66.7,Yes,,,No,Yes,Yes,,,No,Yes,Yes,Yes,75.0,76,65,68,71.1,77.2,B,25.0,$33.43,Review,,
1,"1820 Santa Clara Avenue, Alameda, CA 94501",Alameda,CA,94501,,apartment,2,1,,"$2,250",,https://sfbay.craigslist.org/eby/apa/d/alameda-ground-level-unit-vinyl/7922820128.html,2,1,2,1,1,2,2,52.4,,,,,,No,,,No,Yes,No,,,No,No,No,No,12.5,85,47,84,73.4,42.7,D,87.5,$52.72,Review,,
1,"2010 San Jose Ave., Alameda, CA 94501",Alameda,CA,94501,,apartment,2,1,800,"$2,425",$3.03,https://sfbay.craigslist.org/eby/apa/d/alameda-central-alameda-spacious-clean/7919811395.html,1,1,2,1,1,1,2,42.9,,,,2,66.7,No,,,No,Yes,No,,,No,No,No,No,12.5,79,47,71,67.8,43.5,D,87.5,$55.75,Review,,
1,"101 Crolls Garden ct., alameda, CA 94501",Alameda,CA,94501,,apartment,2,1,900,"$2,550",$2.83,https://sfbay.craigslist.org/eby/apa/d/alameda-105-crolls-garden-ct/7922143614.html,1,2,1,1,2,2,2,52.4,,,,2,66.7,Yes,,,No,Yes,No,,,No,No,No,Yes,37.5,89,48,87,76.3,55.6,C,62.5,$45.90,High-location / low-quality opportunity,,
1,"Walker Avenue, Oakland, CA 94610",Oakland,CA,94610,,apartment,2,1,975,"$2,895",$2.97,https://sfbay.craigslist.org/eby/apa/d/oakland-piedmont-border-nice-2br-1ba/7921939113.html,2,2,3,2,2,2,2,71.4,,,,2,66.7,Yes,,,No,No,Yes,,,Yes,No,No,Yes,50.0,97,52,67,77.5,65.3,C,50.0,$44.36,Feature-completeness gap,,
1,"609 23rd st, Oakland, CA 94612",Oakland,CA,94612,,apartment,2,1,1000,"$2,200",$2.20,https://sfbay.craigslist.org/eby/apa/d/oakland-bedroom-bath/7922796935.html,2,2,2,3,3,2,2,76.2,,,,3,100.0,,,,No,,No,,,No,Yes,Yes,,40.0,96,78,97,90.8,73.0,B,60.0,$30.13,Feature-completeness gap,,
1,"9316 Oscar Ave, Oakland, CA 94603",Oakland,CA,94603,,apartment,2,1,700,"$2,000",$2.86,https://sfbay.craigslist.org/eby/apa/d/oakland-2bd-1ba-apt-remodeled-kitchen/7922796392.html,1,2,2,1,2,1,1,47.6,,,,2,66.7,,,,No,,No,,,No,No,No,,0.0,67,44,60,58.7,39.4,D,100.0,$50.81,Review,,
1,"1537 63rd Street, Berkeley, CA 94703",Berkeley,CA,94703,,apartment,2,1,970,"$2,875",$2.96,https://sfbay.craigslist.org/eby/apa/d/oakland-large-two-bedroom-one-bath/7921775493.html,2,2,2,3,2,2,2,71.4,,,,2,66.7,,,,Yes,Yes,No,,,No,Yes,Yes,,66.7,92,62,97,84.0,71.6,B,33.3,$40.18,Review,,
1,"22160 Center Street, Castro Valley, CA 94546",Castro Valley,CA,94546,,apartment,2,1,977,"$2,655",$2.72,https://sfbay.craigslist.org/eby/apa/d/hayward-dog-park-bd-ba-located-in/7921958093.html,3,3,2,3,2,2,3,85.7,,,,2,66.7,,,,No,,Yes,,,No,Yes,Yes,,60.0,71,38,42,55.3,68.1,C,40.0,$38.98,Review,,
1,"1211 Lincoln Ave #B, Alameda, CA 94501",Alameda,CA,94501,B,apartment,2,1,,"$2,650",,https://sfbay.craigslist.org/eby/apa/d/alameda-1211-lincoln-ave-bedroom-bath/7921043552.html,3,2,2,3,3,1,2,76.2,,,,,,Yes,,,Yes,No,Yes,,,No,Yes,Yes,Yes,75.0,82,48,81,71.6,74.6,B,25.0,$35.52,Review,,
1,"2134 Clinton Ave, Alameda, CA 94501",Alameda,CA,94501,,apartment,2,1,,"$2,950",,https://sfbay.craigslist.org/eby/apa/d/alameda-2134-clinton-ave-bedroom/7921072842.html,2,2,3,3,2,2,2,76.2,,,,,,Yes,,,Yes,Yes,Yes,,,Yes,No,No,Yes,75.0,80,48,70,68.4,73.8,B,25.0,$39.97,Review,,
1,"528 Merritt Ave #208, Oakland, CA 94610",Oakland,CA,94610,208,apartment,2,1,,"$2,850",,https://sfbay.craigslist.org/eby/apa/d/oakland-528-merritt-ave-bedroom-bath/7920834471.html,2,2,2,3,3,2,,77.8,,,,,,No,,,No,Yes,,,,No,,Yes,No,33.3,95,58,71,79.1,61.4,C,66.7,$46.39,Feature-completeness gap,,
1,"1517 Willow St, Alameda, CA 94501",Alameda,CA,94501,,apartment,2,1,,"$2,800",,https://sfbay.craigslist.org/eby/apa/d/oakland-1517-willow-st-bedroom-bath/7920797790.html,2,1,2,2,1,2,2,57.1,,,,,,Yes,,,Yes,Yes,No,,,Yes,No,No,Yes,62.5,91,50,77,75.9,63.8,C,37.5,$43.86,High-location / low-quality opportunity,,
1,"1724 Lincoln Ave #B, Alameda, CA 94501",Alameda,CA,94501,B,apartment,2,1,,"$2,250",,https://sfbay.craigslist.org/eby/apa/d/alameda-1724-lincoln-ave-bedroom-bath/7920593544.html,2,2,2,3,2,2,2,71.4,,,,,,Yes,,,No,No,No,,,Yes,No,Yes,Yes,50.0,81,47,86,71.8,63.5,C,50.0,$35.44,Feature-completeness gap,,
1,"2228 Lincoln Ave #K, Alameda, CA 94501",Alameda,CA,94501,K,apartment,2,1,,"$2,350",,https://sfbay.craigslist.org/eby/apa/d/oakland-2228-lincoln-ave-bedroom/7920593469.html,1,2,2,2,2,2,2,61.9,,,,,,,,,No,Yes,Yes,,,No,No,No,,33.3,94,51,80,78.3,55.3,C,66.7,$42.50,High-location / low-quality opportunity,,
1,"1501 Verdi St #B, Alameda, CA 94501",Alameda,CA,94501,B,apartment,2,1,,"$2,600",,https://sfbay.craigslist.org/eby/apa/d/alameda-1501-verdi-st-bedroom-bath/7918826542.html,2,2,2,2,1,2,2,61.9,,,,,,Yes,,,No,Yes,Yes,,,No,No,No,Yes,50.0,88,49,77,74.1,60.5,C,50.0,$42.98,Review,,
1,"610 Santa Clara Ave #B, Alameda, CA 94501",Alameda,CA,94501,B,apartment,2,1,,"$2,750",,https://sfbay.craigslist.org/eby/apa/d/alameda-610-santa-clara-ave-bedroom-bath/7918412948.html,2,2,2,2,2,2,2,66.7,,,,,,,,,Yes,Yes,No,,,Yes,Yes,Yes,,83.3,91,49,85,77.2,75.6,B,16.7,$36.40,Review,,
1,"22160 Center Street, Castro Valley, CA 94546",Castro Valley,CA,94546,,apartment,2,1,900,"$2,524",$2.80,https://sfbay.craigslist.org/eby/apa/d/hayward-bed-dual-sink-vanities/7921834420.html,3,2,2,2,2,2,3,76.2,,,,2,66.7,Yes,,,No,Yes,Yes,,,No,Yes,Yes,Yes,75.0,71,38,42,55.3,69.8,C,25.0,$36.19,Review,,
1,"2232 Haste Street, Berkeley, CA 94704",Berkeley,CA,94704,Street,apartment,2,1,600,"$2,895",$4.83,https://sfbay.craigslist.org/eby/apa/d/berkeley-br-ba-available-open-house/7920507353.html,1,2,1,1,2,2,2,52.4,,,,1,33.3,,,,No,No,No,,,No,Yes,Yes,,33.3,96,69,96,87.9,50.0,D,66.7,$57.95,High-location / low-quality opportunity,,
1,"2325 McKinley Ave, Berkeley, Ca., Berkeley, CA 94703",Berkeley,CA,94703,,apartment,2,1,,"$3,495",,https://sfbay.craigslist.org/eby/apa/d/berkeley-remodeled-loft-style-apartment/7922742510.html,3,3,3,3,3,2,3,95.2,,,,,,Yes,,,No,,Yes,,,Yes,Yes,Yes,Yes,85.7,88,70,97,84.4,89.0,A,14.3,$39.29,Top-of-market comp,,
1,"22160 Center Street, Castro Valley, CA 94546",Castro Valley,CA,94546,,apartment,2,1,977,"$2,655",$2.72,https://sfbay.craigslist.org/eby/apa/d/hayward-bd-lush-landscaping-located-in/7921863726.html,3,2,2,2,2,2,3,76.2,,,,2,66.7,Yes,,,No,Yes,Yes,,,No,Yes,Yes,Yes,75.0,71,38,42,55.3,69.8,C,25.0,$38.06,Review,,
1,"Hearst, Berkeley, CA 94702",Berkeley,CA,94702,,apartment,2,1,802,"$3,700",$4.61,https://sfbay.craigslist.org/eby/apa/d/berkeley-3700x-2br-berkeley-garden/7922738184.html,2,2,2,2,2,2,2,66.7,,,,2,66.7,Yes,,,No,,,,,Yes,,,Yes,75.0,89,64,99,83.5,72.5,B,25.0,$51.01,Review,,
1,"20019 San Miguel Ave, Castro Valley, CA 94546",Castro Valley,CA,94546,,apartment,2,1,900,"$2,550",$2.83,https://sfbay.craigslist.org/eby/apa/d/hayward-live-in-the-of-castro-valley/7922735173.html,2,2,2,3,2,2,2,71.4,,,,2,66.7,Yes,,,No,Yes,Yes,,,No,No,Yes,Yes,62.5,80,37,57,62.5,66.0,C,37.5,$38.63,Review,,
1,"apgar, oakland, CA 94608",Oakland,CA,94608,,apartment,2,1,700,"$2,200",$3.14,https://sfbay.craigslist.org/eby/apa/d/emeryville-2br-1ba-927-apgar-st-oakland/7922722695.html,2,2,2,1,3,2,2,66.7,,,,2,66.7,,,,No,Yes,Yes,,,Yes,Yes,Yes,,83.3,91,74,99,87.5,75.8,B,16.7,$29.01,Review,,
1,"1815 Spruce Street, Berkeley, CA 94709",Berkeley,CA,94709,,apartment,2,1,1000,"$4,500",$4.50,https://sfbay.craigslist.org/eby/apa/d/berkeley-huge-and-2-block-from-uc/7922720082.html,1,1,2,1,1,2,2,47.6,,,,3,100.0,,,,No,,No,,,Yes,No,No,,20.0,95,70,81,84.7,57.2,C,80.0,$78.64,High-location / low-quality opportunity,,
1,"3814 39th Ave #106, Oakland, CA 94619",Oakland,CA,94619,106,apartment,2,1,,"$2,000",,https://sfbay.craigslist.org/eby/apa/d/oakland-coming-soon-beds-bath-in-laurel/7921091338.html,2,2,1,1,2,2,2,57.1,,,,,,,,,No,Yes,Yes,,,No,Yes,Yes,,66.7,87,50,62,70.9,64.2,C,33.3,$31.18,Review,,
1,"3814 39th Ave #204, Oakland, CA 94619",Oakland,CA,94619,204,apartment,2,1,,"$2,000",,https://sfbay.craigslist.org/eby/apa/d/oakland-coming-soon-beds-bath-in-laurel/7919766039.html,2,2,1,1,2,2,2,57.1,,,,,,,,,No,Yes,Yes,,,No,Yes,Yes,,66.7,87,50,62,70.9,64.2,C,33.3,$31.18,Review,,
1,"3806 39th Ave #3, Oakland, CA 94619",Oakland,CA,94619,3,apartment,2,1,,"$2,250",,https://sfbay.craigslist.org/eby/apa/d/oakland-bedroom-apartment-with-garage/7922712905.html,3,2,2,3,2,3,3,85.7,,,,,,,,,No,Yes,No,,,No,Yes,Yes,,50.0,89,50,64,72.3,69.0,C,50.0,$32.62,Feature-completeness gap,,
1,"3806 39th Ave #7, Oakland, CA 94619",Oakland,CA,94619,7,apartment,2,1,,"$2,250",,https://sfbay.craigslist.org/eby/apa/d/oakland-large-bedroom-apartment-unit/7918211181.html,3,2,2,3,2,3,3,85.7,,,,,,No,,,No,Yes,No,,,No,Yes,Yes,No,37.5,89,50,64,72.3,64.3,C,62.5,$35.00,Feature-completeness gap,,
1,"1319 159th Avenue, San Leandro, CA 94578",San Leandro,CA,94578,,apartment,2,1,800,"$2,915",$3.64,https://sfbay.craigslist.org/eby/apa/d/san-leandro-limited-time-one-month-free/7922680538.html,2,,2,2,2,2,2,66.7,,,,2,66.7,Yes,,,No,,Yes,,,No,Yes,,Yes,66.7,64,55,30,54.5,64.2,C,33.3,$45.38,Review,,
1,"13897-13931 Doolittle Dr, San Leandro, CA 94577",San Leandro,CA,94577,,apartment,2,1,750,"$2,383",$3.18,https://sfbay.craigslist.org/eby/apa/d/san-leandro-two-bedroom-available-for/7922667508.html,3,,2,2,2,2,2,72.2,,,,2,66.7,,,,No,,No,,,No,Yes,,,25.0,67,30,72,56.9,53.9,D,75.0,$44.23,Feature-completeness gap,,
1,"777 Taylor Ave #307, Alameda, CA 94501",Alameda,CA,94501,307,apartment,2,1,750,"$2,395",$3.19,https://sfbay.craigslist.org/eby/apa/d/alameda-bedroom-top-floor-elevator/7922659438.html,2,2,2,2,2,2,2,66.7,,,,2,66.7,Yes,,,No,Yes,No,,,No,Yes,No,Yes,50.0,92,49,83,77.3,63.8,C,50.0,$37.54,Review,,
1,"2087 Delaware St, Berkeley, CA 94709",Berkeley,CA,94709,,apartment,2,1,,"$1,090",,https://sfbay.craigslist.org/eby/apa/d/berkeley-2087-delaware-st-wood-flooring/7922653742.html,2,2,2,2,2,2,2,66.7,,,,,,No,,,No,No,No,,,Yes,Yes,Yes,No,37.5,99,71,95,89.8,61.5,C,62.5,$17.72,Review,,
1,"1730 Stuart Street, Berkeley, CA 94703",Berkeley,CA,94703,,apartment,2,1,,"$2,600",,https://sfbay.craigslist.org/eby/apa/d/berkeley-br-ba-friendly-quiet-location/7922660445.html,2,2,2,1,2,2,2,61.9,,,,,,Yes,,,No,Yes,No,,,Yes,Yes,Yes,Yes,75.0,86,65,97,81.9,71.8,B,25.0,$36.20,High-location / low-quality opportunity,,
1,"1724 15th ave, Oakland, CA 94606",Oakland,CA,94606,,apartment,2,1,900,"$2,000",$2.22,https://sfbay.craigslist.org/eby/apa/d/oakland-duplex-for-rent/7919280022.html,1,1,2,1,2,1,1,42.9,,,,2,66.7,,,,No,,No,,,No,No,Yes,,20.0,89,56,86,78.5,47.9,D,80.0,$41.76,High-location / low-quality opportunity,,
1,"22160 Center Street, Castro Valley, CA 94546",Castro Valley,CA,94546,,apartment,2,1,977,"$2,655",$2.72,https://sfbay.craigslist.org/eby/apa/d/hayward-fireplace-entry-closet-large/7922184483.html,3,2,2,2,2,2,3,76.2,,,,2,66.7,Yes,,,No,Yes,Yes,,,No,Yes,Yes,Yes,75.0,71,38,42,55.3,69.8,C,25.0,$38.06,Review,,
1,"4801 Shattuck Ave, Oakland, CA 94609",Oakland,CA,94609,,apartment,2,1,899,"$3,220",$3.58,https://sfbay.craigslist.org/eby/apa/d/oakland-ask-us-about-our-move-in/7921569718.html,3,3,3,3,3,3,3,100.0,,,,2,66.7,Yes,,,Yes,Yes,Yes,,,No,Yes,Yes,Yes,87.5,98,68,93,88.0,87.2,A,12.5,$36.93,Top-of-market comp,,
1,"MLK, Berkeley, CA 94708",Berkeley,CA,94708,,apartment,2,1,,"$2,400",,https://sfbay.craigslist.org/eby/apa/d/berkeley-lovely-complex-near-all-north/7918492105.html,2,,2,2,2,2,2,66.7,,,,,,No,,,No,Yes,No,,,Yes,Yes,,No,42.9,39,40,34,38.3,50.6,D,57.1,$47.39,Review,,
1,"4801 Shattuck Ave, Oakland, CA 94609",Oakland,CA,94609,,apartment,2,1,899,"$3,220",$3.58,https://sfbay.craigslist.org/eby/apa/d/oakland-ask-us-about-our-move-in/7921672431.html,3,3,3,3,3,3,3,100.0,,,,2,66.7,Yes,,,Yes,Yes,Yes,,,No,Yes,Yes,Yes,87.5,98,68,93,88.0,87.2,A,12.5,$36.93,Top-of-market comp,,
1,"Rilea Way, Oakland, CA 94605",Oakland,CA,94605,,apartment,2,1,800,"$2,350",$2.94,https://sfbay.craigslist.org/eby/apa/d/oakland-oakland-hills-4plex-laundry/7920135486.html,2,2,1,1,2,2,2,57.1,,,,2,66.7,,,,No,Yes,Yes,,,No,No,No,,33.3,29,27,18,26.2,45.7,D,66.7,$51.40,Review,,
1,"87th Ave, Oakland, CA 94621",Oakland,CA,94621,,apartment,2,1,900,"$2,495",$2.77,https://sfbay.craigslist.org/eby/apa/d/oakland-charming-updated-home-bright/7920139787.html,2,3,2,2,2,2,3,76.2,,,,2,66.7,Yes,,,Yes,Yes,No,,,No,Yes,Yes,Yes,75.0,75,55,59,65.8,71.9,B,25.0,$34.72,Review,,
1,"Prentiss St, Oakland, CA 94601",Oakland,CA,94601,,apartment,2,1,800,"$2,395",$2.99,https://sfbay.craigslist.org/eby/apa/d/oakland-refreshed-4plex-new-appliances/7920135633.html,2,2,2,2,2,2,3,71.4,,,,2,66.7,,,,No,Yes,No,,,No,Yes,Yes,,50.0,80,55,59,68.3,63.4,C,50.0,$37.76,Feature-completeness gap,,
1,"84th, Oakland, CA 94621",Oakland,CA,94621,,apartment,2,1,,"$2,195",,https://sfbay.craigslist.org/eby/apa/d/oakland-completely-renovated-rear-unit/7920135370.html,2,2,3,2,2,2,2,71.4,,,,,,Yes,,,No,Yes,No,,,Yes,Yes,Yes,Yes,75.0,71,56,62,64.7,71.1,B,25.0,$30.88,Review,,
1,"Berkeley way, Berkeley, CA 94701",Berkeley,CA,94701,,apartment,2,1,,"$3,100",,https://sfbay.craigslist.org/eby/apa/d/berkeley-north-berkeley-bd-bath/7920103071.html,2,2,2,1,3,2,3,71.4,,,,,,,,,No,Yes,No,,,Yes,Yes,Yes,,66.7,90,68,98,85.0,73.0,B,33.3,$42.44,Review,,
1,"Ridge Rd., Berkeley (Northside), CA 94709",Berkeley (Northside),CA,94709,,apartment,2,1,,"$3,875",,https://sfbay.craigslist.org/eby/apa/d/berkeley-quiet-oasis-charm-for-ucb/7920965306.html,2,2,2,2,2,2,2,66.7,,,,,,Yes,,,No,,No,,,Yes,Yes,No,Yes,57.1,88,64,71,77.4,65.8,C,42.9,$58.91,Review,,
1,"Bonita, Berkeley, CA 94709",Berkeley,CA,94709,,apartment,2,1,600,"$2,750",$4.58,https://sfbay.craigslist.org/eby/apa/d/berkeley-north-berkeley-newly-remodeled/7921461317.html,2,2,2,2,2,1,2,61.9,,,,1,33.3,No,,,No,,No,,,Yes,Yes,Yes,No,42.9,95,64,87,84.1,54.9,D,57.1,$50.08,High-location / low-quality opportunity,,
1,"2251 Clinton Avenue #D, Alameda, CA 94501",Alameda,CA,94501,D,apartment,2,1,1000,"$2,800",$2.80,https://sfbay.craigslist.org/eby/apa/d/alameda-garden-style-bedroom-centrally/7922545185.html,3,2,2,3,3,2,3,85.7,,,,3,100.0,Yes,,,No,Yes,Yes,,,No,Yes,Yes,Yes,75.0,89,48,75,73.9,83.0,B,25.0,$33.74,Review,,
1,"spaulding, Berkeley, CA 94703",Berkeley,CA,94703,,apartment,2,1,,"$2,495",,https://sfbay.craigslist.org/eby/apa/d/berkeley-lovely-upper-unit-br-apartment/7922541917.html,2,2,2,1,2,2,1,57.1,,,,,,,,,No,Yes,No,,,No,Yes,,,40.0,85,67,97,82.0,56.9,C,60.0,$43.83,High-location / low-quality opportunity,,
1,"1919 Manchester rd, San Leandro, CA 94587",San Leandro,CA,94587,r,apartment,2,1,1050,"$1,857",$1.77,https://sfbay.craigslist.org/eby/apa/d/san-leandro-affordable-housing/7922541372.html,2,2,2,2,2,2,2,66.7,,,,3,100.0,No,,,No,Yes,No,,,No,No,Yes,No,25.0,58,49,27,49.1,57.3,C,75.0,$32.40,Review,,
1,"1919 Manchester rd, San Leandro, CA 94587",San Leandro,CA,94587,r,apartment,2,1,1050,"$1,910",$1.82,https://sfbay.craigslist.org/eby/apa/d/san-leandro-two-bedroom-two-bathroom/7922541139.html,2,2,2,2,2,2,2,66.7,,,,3,100.0,No,,,No,Yes,No,,,No,No,Yes,No,25.0,58,49,27,49.1,57.3,C,75.0,$33.32,Review,,
1,"22160 Center Street, Castro Valley, CA 94546",Castro Valley,CA,94546,,apartment,2,1,900,"$2,724",$3.03,https://sfbay.craigslist.org/eby/apa/d/hayward-private-balcony-patio-2bd-1ba/7922092581.html,3,3,3,3,2,3,3,95.2,,,,2,66.7,Yes,,,No,Yes,Yes,,,No,Yes,Yes,Yes,75.0,71,38,42,55.3,75.5,B,25.0,$36.10,Review,,
1,"1195 Santa Ana Street, San Lorenzo, CA 94580",San Lorenzo,CA,94580,,apartment,2,1,829,"$2,325",$2.80,https://sfbay.craigslist.org/eby/apa/d/san-leandro-san-lorenzo-duplex-rental/7922531033.html,2,,2,2,2,2,2,66.7,,,,2,66.7,,,,No,,Yes,,,Yes,Yes,,,75.0,78,57,53,66.7,69.2,C,25.0,$33.61,Review,,
1,"2020 Kittredge St, Berkeley, CA 94704",Berkeley,CA,94704,,apartment,2,1,,"$3,480",,https://sfbay.craigslist.org/eby/apa/d/berkeley-views-of-the-san-francisco-bay/7920818935.html,3,3,2,3,2,3,3,90.5,,,,,,Yes,,,No,No,Yes,,,No,Yes,Yes,Yes,62.5,99,72,99,90.9,80.1,B,37.5,$43.45,Review,,
1,"2020 Kittredge St, Berkeley, CA 94704",Berkeley,CA,94704,,apartment,2,1,,"$3,480",,https://sfbay.craigslist.org/eby/apa/d/berkeley-wood-style-flooring-workspaces/7922522225.html,3,3,2,3,2,3,3,90.5,,,,,,Yes,,,No,No,Yes,,,No,Yes,Yes,Yes,62.5,99,72,99,90.9,80.1,B,37.5,$43.45,Review,,
1,"2226 Channing Way Apt 5, Berkeley, CA 94704",Berkeley,CA,94704,5,apartment,2,1,,"$3,995",,https://sfbay.craigslist.org/eby/apa/d/berkeley-extra-large-two-bedroom-bath/7922516904.html,2,2,2,2,2,2,2,66.7,,,,,,,,,Yes,No,No,,,No,No,Yes,,33.3,97,70,95,88.5,59.6,C,66.7,$67.00,Review,,
1,385 14th St,Oakland,CA,94606,,apartment,2,1,905,4012,,https://www.redfin.com/CA/Oakland/Atlas/apartment/168796063,3,2,3,3,3,3,3,95.2,2,3,3,3,91.7,Yes,Yes,Yes,Yes,No,Yes,Yes,Yes,Yes,Yes,Yes,No,83.3,100,89,90,94.7,90.8,A,16.7,$44.16,Top-of-market comp,,
1,386 14th St,Oakland,CA,94606,,apartment,2,1,950,4132,,https://www.redfin.com/CA/Oakland/Atlas/apartment/168796063,3,3,3,3,3,3,3,100.0,2,3,3,3,91.7,Yes,Yes,Yes,Yes,No,Yes,Yes,Yes,Yes,Yes,Yes,No,83.3,100,89,90,94.7,92.3,A,16.7,$44.78,Top-of-market comp,,
1,40 Harrison St,Oakland,CA,94607,,apartment,2,1,925,2940,,https://www.redfin.com/CA/Oakland/Channel-House/apartment/192202038,3,3,3,3,3,3,3,100.0,2,3,2,3,83.3,Yes,Yes,Yes,Yes,,Yes,Yes,Yes,Yes,Yes,Yes,No,90.9,96,83,83,89.5,91.8,A,9.1,$32.01,Top-of-market comp,,
1,1311 Magnolia St Unit 1424320P,Oakland,CA,94607,,duplex,2,1,—,5066,,https://www.redfin.com/CA/Oakland/1311-Magnolia-St-94607/unit-1424320P/home/200382646,2,2,3,3,2,2,2,76.2,2,3,2,,77.8,Yes,Yes,,Yes,Yes,Yes,Yes,No,Yes,Yes,No,Yes,81.8,77,72,98,79.7,78.9,B,18.2,$64.21,Review,,
1,5110 Telegraph Ave,Oakland,CA,94609,,apartment,2,1,1199,4541,,https://www.redfin.com/CA/Oakland/5110-Telegraph-Ave-94609/home/175926209,3,3,3,3,3,3,3,100.0,3,3,3,3,100.0,Yes,Yes,Yes,Yes,,Yes,Yes,Yes,Yes,Yes,Yes,No,90.9,98,66,92,87.2,94.7,A,9.1,$47.94,Top-of-market comp,,
1,260 Brooklyn Basin Way,Oakland,CA,NA,,apartment,2,1,1011,3684,,https://www.redfin.com/CA/Oakland/260-Brooklyn-Basin-Way-94606/home/188567319,3,3,3,3,3,3,3,100.0,3,3,3,3,100.0,Yes,Yes,Yes,Yes,No,Yes,Yes,Yes,Yes,Yes,Yes,No,83.3,60,63,86,66.1,88.2,A,16.7,$41.76,Top-of-market comp,,
1,260 Brooklyn Basin Way,Oakland,CA,NA,,apartment,2,1,1175,4559,,https://www.redfin.com/CA/Oakland/260-Brooklyn-Basin-Way-94606/home/188567319,3,3,3,3,3,3,3,100.0,3,3,3,3,100.0,Yes,Yes,Yes,Yes,No,Yes,Yes,Yes,Yes,Yes,Yes,No,83.3,60,63,86,66.1,88.2,A,16.7,$51.68,Top-of-market comp,,
1,325 27th St,Oakland,CA,94612,,apartment,2,1,1229,3992,,https://www.redfin.com/CA/Oakland/Hanover-Broadway/apartment/177358266,3,3,3,3,3,3,3,100.0,2,3,3,3,91.7,Yes,Yes,Yes,Yes,,Yes,Yes,Yes,Yes,Yes,Yes,No,90.9,97,73,97,89.8,93.6,A,9.1,$42.67,Top-of-market comp,,
1,325 27th St,Oakland,CA,94612,,apartment,2,1,1151,4130,,https://www.redfin.com/CA/Oakland/Hanover-Broadway/apartment/177358266,3,3,3,3,3,3,3,100.0,2,3,3,3,91.7,Yes,Yes,Yes,Yes,,Yes,Yes,Yes,Yes,Yes,Yes,No,90.9,97,73,97,89.8,93.6,A,9.1,$44.14,Top-of-market comp,,
1,325 27th St,Oakland,CA,94612,,apartment,2,1,1229,4280,,https://www.redfin.com/CA/Oakland/Hanover-Broadway/apartment/177358266,3,3,3,3,3,3,3,100.0,2,3,3,3,91.7,Yes,Yes,Yes,Yes,,Yes,Yes,Yes,Yes,Yes,Yes,No,90.9,97,73,97,89.8,93.6,A,9.1,$45.74,Top-of-market comp,,
1,2330 Webster St,Oakland,CA,94612,,apartment,2,1,968,3730,,https://www.redfin.com/CA/Oakland/2330-Webster-St-94612/home/175925682,3,3,3,3,3,3,3,100.0,2,3,3,3,91.7,Yes,Yes,Yes,Yes,Yes,Yes,Yes,Yes,Yes,Yes,Yes,Yes,100.0,99,78,97,92.3,96.8,A,0.0,$38.54,Top-of-market comp,,
1,2330 Webster St,Oakland,CA,94612,,apartment,2,1,1042,3744,,https://www.redfin.com/CA/Oakland/2330-Webster-St-94612/home/175925682,3,3,3,3,3,3,3,100.0,2,3,3,3,91.7,Yes,Yes,Yes,Yes,Yes,Yes,Yes,Yes,Yes,Yes,Yes,Yes,100.0,99,78,97,92.3,96.8,A,0.0,$38.68,Top-of-market comp,,
1,2122 Lakeshore Ave,Oakland,CA,94606,,apartment,2,1,"1,500",3795,,https://www.redfin.com/CA/Oakland/2122-Lakeshore-Ave-94606/apartment/1188612,2,2,3,3,2,2,2,76.2,2,2,3,3,83.3,Yes,Yes,No,Yes,Yes,No,No,Yes,Yes,Yes,No,No,58.3,92,62,77,80.0,73.0,B,41.7,$51.97,Review,,
1,3061 Adeline St Unit 3057,Berkeley,CA,94703,,apartment,2,1,—,3395,,https://www.redfin.com/CA/Berkeley/3061-Adeline-St-94703/unit-3057/home/200407877,2,2,3,3,2,3,3,85.7,3,2,2,3,83.3,Yes,Yes,,Yes,,Yes,Yes,Yes,Yes,Yes,No,Yes,90.0,95,62,98,85.7,86.5,A,10.0,$39.24,Top-of-market comp,,
1,1401 Jackson St,Oakland,CA,94612,,apartment,2,1,760,2845,,https://www.redfin.com/CA/Oakland/Jackson-Courtyard/apartment/177501374,3,3,3,3,2,3,3,95.2,2,2,2,2,66.7,Yes,Yes,Yes,Yes,,Yes,Yes,Yes,Yes,Yes,Yes,No,90.9,98,87,92,93.5,87.9,A,9.1,$32.37,Top-of-market comp,,
1,1401 Jackson St,Oakland,CA,94612,,apartment,2,1,970,3095,,https://www.redfin.com/CA/Oakland/Jackson-Courtyard/apartment/177501374,3,3,3,3,2,3,3,95.2,2,2,2,2,66.7,Yes,Yes,Yes,Yes,,Yes,Yes,Yes,Yes,Yes,Yes,No,90.9,98,87,92,93.5,87.9,A,9.1,$35.22,Top-of-market comp,,
1,219 9th Ave,Oakland,CA,94606,,apartment,2,1,915,2707,,https://www.redfin.com/CA/Oakland/Artizan/apartment/112885464,3,3,3,3,3,3,3,100.0,3,3,3,2,91.7,Yes,Yes,Yes,Yes,,Yes,Yes,Yes,Yes,Yes,Yes,No,90.9,46,58,74,55.2,86.6,A,9.1,$31.24,Top-of-market comp,,
1,540 39th St,Oakland,CA,NA,,apartment,2,1,883,3295,,https://www.redfin.com/CA/Oakland/MacArthur-Commons/apartment/143116143,3,3,3,3,3,3,3,,2,2,3,2,75.0,Yes,Yes,Yes,Yes,,Yes,Yes,Yes,Yes,Yes,Yes,No,90.9,95,73,99,89.2,85.9,A,9.1,$38.37,High-location / low-quality opportunity,,
1,4801 Shattuck Ave,Oakland,CA,94609,,apartment,2,1,834,3119,,https://www.redfin.com/CA/Oakland/4801-Shattuck-Ave-94609/apartment/143116208,3,3,3,3,3,3,3,,3,2,3,2,83.3,Yes,Yes,Yes,Yes,Yes,Yes,Yes,Yes,Yes,Yes,Yes,No,91.7,98,68,93,88.0,88.2,A,8.3,$35.35,High-location / low-quality opportunity,,
1,4801 Shattuck Ave,Oakland,CA,94609,,apartment,2,1,899,3220,,https://www.redfin.com/CA/Oakland/4801-Shattuck-Ave-94609/apartment/143116208,3,3,3,3,3,3,3,,3,2,3,2,83.3,Yes,Yes,Yes,Yes,Yes,Yes,Yes,Yes,Yes,Yes,Yes,No,91.7,98,68,93,88.0,88.2,A,8.3,$36.49,High-location / low-quality opportunity,,
1,1411 Alice St,Oakland,CA,94612,,apartment,2,1,777,2715,,https://www.redfin.com/CA/Oakland/Alice-House/apartment/172809958,3,3,3,3,3,3,3,,2,3,2,2,75.0,Yes,Yes,Yes,Yes,Yes,Yes,Yes,Yes,Yes,Yes,Yes,No,91.7,99,88,91,94.1,87.6,A,8.3,$30.99,High-location / low-quality opportunity,,
1,302 Newton Ave Unit 302,Oakland,CA,94606,,apartment,2,1,900,3300,,https://www.redfin.com/CA/Oakland/302-Newton-Ave-94606/unit-302/apartment/190826210,2,3,3,3,2,3,3,,2,3,2,2,75.0,Yes,Yes,Yes,Yes,,Yes,Yes,Yes,Yes,Yes,Yes,Yes,100.0,92,63,75,79.9,87.1,A,0.0,$37.88,High-location / low-quality opportunity,,
1,3920 Quigley St,Oakland,CA,94619,,apartment,2,1,850,3275,,https://www.redfin.com/CA/Oakland/3920-Quigley-St-94619/home/747484,3,3,3,3,,3,3,,3,3,3,2,91.7,No,Yes,Yes,Yes,Yes,Yes,Yes,Yes,Yes,Yes,Yes,,90.9,91,51,71,75.0,86.6,A,9.1,$37.83,High-location / low-quality opportunity,,
1,1126 Hampel St,Oakland,CA,94602,,apartment,2,1,"1,030",3100,,https://www.redfin.com/CA/Oakland/1126-Hampel-St-94602/home/1117583,2,2,2,3,3,3,2,,3,2,3,3,91.7,Yes,Yes,Yes,Yes,Yes,Yes,,Yes,Yes,Yes,Yes,Yes,100.0,81,54,52,67.1,88.2,A,0.0,$35.14,Top-of-market comp,,
1,601 Oakland Ave,Oakland,CA,94611,,apartment,2,1,"1,081",3095,,https://www.redfin.com/CA/Oakland/601-Oakland-Ave-94611/apartment/1328398,2,2,2,3,2,3,2,,2,3,2,3,83.3,Yes,Yes,No,Yes,,Yes,No,,Yes,Yes,Yes,No,70.0,88,53,68,73.5,74.8,B,30.0,$41.37,Review,,
1,1062 55th St Unit A,Oakland,CA,94608,,apartment,2,1,"1,100",2995,,https://www.redfin.com/CA/Oakland/1062-55th-St-94608/unit-A/apartment/200026044,3,3,3,3,2,2,3,,3,2,2,3,83.3,No,Yes,,,,Yes,Yes,Yes,Yes,Yes,Yes,Yes,88.9,93,60,98,84.1,85.9,A,11.1,$34.85,High-location / low-quality opportunity,,
1,1130 3rd Ave,Oakland,CA,94606,,apartment,2,1,900,2765,,https://www.redfin.com/CA/Oakland/ReNew-on-Merritt/apartment/180278653,3,3,3,3,2,3,3,,2,2,2,3,75.0,Yes,Yes,Yes,No,,Yes,No,No,Yes,Yes,Yes,No,63.6,92,74,97,87.6,73.7,B,36.4,$37.50,High-location / low-quality opportunity,,
1,95 Linda Ave,Piedmont,CA,94611,,apartment,2,1,—,2895,,https://www.redfin.com/CA/Piedmont/95-Linda-Ave-94611/apartment/1242578,2,2,2,3,2,3,3,,2,2,2,2,66.7,Yes,Yes,,No,,No,No,Yes,No,Yes,Yes,No,50.0,96,51,57,74.7,61.8,C,50.0,$46.83,Review,,
1,2049 41st Ave,Oakland,CA,94601,,apartment,2,1,"1,200",2850,,https://www.redfin.com/CA/Oakland/2049-41st-Ave-94601/home/1727676,3,2,3,3,2,3,3,,3,3,3,3,100.0,,Yes,No,Yes,,Yes,Yes,Yes,Yes,Yes,Yes,No,80.0,83,60,59,71.3,83.2,B,20.0,$34.24,Review,,
2,1124 Hampel St,Oakland,CA,94602,,,2,1,"1,030",3100,,https://www.redfin.com/CA/Oakland/1124-Hampel-St-94602/home/200355308,2,2,2,3,,2,3,,2,2,2,2,2,Yes,Yes,No,Yes,Yes,Yes,,Yes,No,Yes,Yes,Yes,81.8,81,54,52,67.1,35.6,D,18.2,$86.99,Review,,
2,3101 Mabel St,Berkeley,CA,94702,,,2,1,650,3050,,https://www.redfin.com/CA/Berkeley/3101-Mabel-St-94702/apartment/1526370,2,3,3,3,2,3,3,90.5,2,2,3,2,75.0,No,Yes,Yes,Yes,Yes,Yes,Yes,Yes,Yes,Yes,Yes,No,83.3,89,60,90,80.5,67.1,C,16.7,$45.43,Review,,
2,3205 California St Apt D,Berkeley,CA,94703,,,2,1,750,2895,,https://www.redfin.com/CA/Berkeley/3205-California-St-94703/unit-D/home/200381237,2,2,2,2,3,2,3,76.2,2,2,2,2,66.7,No,Yes,,No,,No,No,,No,Yes,Yes,No,33.3,92,62,97,84.0,46.2,D,66.7,$62.68,Feature-completeness gap,,
2,257 Athol Ave Unit 6,Oakland,CA,94606,,,2,1,600,2850,,https://www.redfin.com/CA/Oakland/257-Athol-Ave-94606/unit-6/apartment/196344785,2,2,2,3,2,2,3,76.2,2,2,2,2,66.7,No,Yes,No,No,,Yes,No,,No,Yes,Yes,No,40.0,91,64,82,81.1,48.2,D,60.0,$59.14,Feature-completeness gap,,
2,528 Merritt Ave Unit 208 LU,Oakland,CA,94610,,,2,1,"1,063",2850,,https://www.redfin.com/CA/Oakland/528-Merritt-Ave-94610/unit-208-LU/apartment/200871853,2,2,,3,3,2,,80.0,2,2,2,3,75.0,Yes,Yes,,No,Yes,No,No,,Yes,Yes,Yes,Yes,70.0,95,58,71,79.1,60.0,C,30.0,$47.50,Review,,
2,245 Lee St,Oakland,CA,94610,,,2,1,700,2488,,https://www.redfin.com/CA/Oakland/Lee-Haus/apartment/1909856,2,2,2,3,2,2,3,76.2,2,2,2,3,75.0,No,Yes,Yes,No,Yes,Yes,Yes,Yes,,Yes,Yes,No,72.7,91,67,86,82.8,59.7,C,27.3,$41.69,Review,,
2,671 Vernon St,Oakland,CA,94610,,,2,1,756,2650,,https://www.redfin.com/CA/Oakland/671-Vernon-St-94610/apartment/526408,2,2,2,3,2,2,2,71.4,2,2,,2,66.7,No,Yes,No,No,,No,No,,No,No,Yes,No,20.0,85,53,60,70.4,40.8,D,80.0,$65.01,Feature-completeness gap,,
2,401 Derby Ave,Oakland,CA,94601,,,2,1,962,2631,,https://www.redfin.com/CA/Oakland/401-Derby-Ave-94601/apartment/143116385,3,3,3,3,3,3,3,100.0,3,2,3,3,91.7,No,Yes,Yes,Yes,Yes,Yes,Yes,,No,Yes,Yes,No,72.7,85,68,89,80.7,70.2,B,27.3,$37.50,Review,,
2,1801 Jefferson St,Oakland,CA,94612,,,2,1,874,2780,,https://www.redfin.com/CA/Oakland/Bell-Uptown-District/apartment/112885465,3,3,2,3,3,2,3,90.5,2,3,3,2,83.3,Yes,Yes,Yes,Yes,Yes,Yes,Yes,,,Yes,Yes,Yes,100.0,97,84,95,92.7,73.8,B,0.0,$37.66,Review,,
2,3567 Davis St,Oakland,CA,94601,,,2,1,800,2800,,https://www.redfin.com/CA/Oakland/3567-Davis-St-94601/home/1041098,2,2,2,2,2,2,3,71.4,2,2,2,2,66.7,No,Yes,No,Yes,,Yes,Yes,Yes,No,Yes,Yes,,70.0,70,54,54,62.0,55.8,C,30.0,$50.21,Review,,
2,225 Clifton St,Oakland,CA,94618,,,2,1,900,2800,,https://www.redfin.com/CA/Oakland/The-Clifton/apartment/112885369,2,2,2,3,2,2,3,76.2,2,2,2,2,66.7,Yes,Yes,,No,,No,No,,No,Yes,Yes,Yes,55.6,93,59,54,75.0,52.9,D,44.4,$52.97,Review,,
2,1220 Haskell St Unit A,Berkeley,CA,94702,,,2,1,900,2800,,https://www.redfin.com/CA/Berkeley/1220-Haskell-St-94702/unit-A/home/196811450,2,2,2,2,2,2,2,66.7,2,2,2,2,66.7,,Yes,No,No,Yes,No,No,,No,Yes,,,37.5,91,59,90,81.2,44.6,D,62.5,$62.80,Review,,
2,1431 Linden St Unit B LU,Oakland,CA,94607,,,2,1,—,2800,,https://www.redfin.com/CA/Oakland/1431-Linden-St-94607/unit-B-LU/apartment/201403119,2,2,2,2,2,2,2,66.7,3,3,2,2,83.3,Yes,Yes,,No,Yes,Yes,No,Yes,Yes,Yes,Yes,Yes,81.8,83,51,45,65.8,61.2,C,18.2,$45.74,Review,,
2,425 Van Dyke Ave,Oakland,CA,94606,,,2,1,"1,000",2750,,https://www.redfin.com/CA/Oakland/Van-Dyke-Apartments/apartment/1096025,2,2,3,2,2,2,2,71.4,3,2,2,3,83.3,Yes,Yes,No,No,Yes,Yes,No,,Yes,Yes,Yes,Yes,72.7,88,60,65,75.0,59.9,C,27.3,$45.90,Review,,
2,307 Lee St Unit 05,Oakland,CA,94610,,,2,1,975,2695,,https://www.redfin.com/CA/Oakland/307-Lee-St-94610/unit-05/apartment/191960643,2,1,3,2,2,2,2,66.7,3,2,2,2,75.0,No,Yes,,No,,Yes,No,,Yes,Yes,Yes,No,55.6,91,66,80,81.3,51.7,D,44.4,$52.16,Review,,
2,3205 California St Apt E,Berkeley,CA,94703,,,2,1,795,2695,,https://www.redfin.com/CA/Berkeley/3205-California-St-94703/unit-E/home/201402886,2,,2,2,2,2,2,66.7,2,2,2,2,66.7,No,Yes,,,,No,No,,No,No,,,16.7,92,62,97,84.0,38.3,D,83.3,$70.30,Review,,
2,282 38th St Unit 3,Oakland,CA,94611,,,2,1,860,2680,,https://www.redfin.com/CA/Oakland/282-38th-St-94611/unit-3/apartment/191542654,1,2,2,2,2,2,2,61.9,2,2,2,2,66.7,Yes,Yes,,No,No,Yes,No,,Yes,No,Yes,Yes,60.0,96,67,94,86.9,49.9,D,40.0,$53.70,Review,,
2,281 MacArthur Blvd,Oakland,CA,94610,,,2,1,900,2580,,https://www.redfin.com/CA/Oakland/281-MacArthur-Blvd-94610/apartment/526441,3,3,2,3,3,2,3,90.5,2,2,2,2,66.7,Yes,Yes,Yes,Yes,Yes,Yes,Yes,,No,Yes,Yes,Yes,90.9,84,55,70,72.5,67.7,C,9.1,$38.08,Review,,
2,1614 Campbell St,Oakland,CA,94607,,,2,1,840,2629,,https://www.redfin.com/CA/Oakland/Lampwork-Lofts/apartment/95474922,2,2,2,3,2,2,3,76.2,3,2,2,2,75.0,Yes,Yes,Yes,No,Yes,No,No,,No,Yes,Yes,,60.0,84,61,90,78.3,55.9,C,40.0,$47.07,Review,,
2,1510 Webster St,Oakland,CA,94612,,,2,1,600,2175,,https://www.redfin.com/CA/Oakland/1510-Webster-St-94612/home/172809943,3,2,3,3,3,3,3,95.2,2,2,2,2,66.7,No,Yes,Yes,Yes,Yes,Yes,Yes,Yes,Yes,Yes,Yes,,90.9,100,88,91,94.6,69.2,C,9.1,$31.44,Review,,
1,180 3rd St,Oakland,CA,94607,,apartment,2,2,1143,3667,,https://www.redfin.com/CA/Oakland/Fourth-Street-East/apartment/195166406,3,3,3,3,3,3,3,100.0,3,2,3,3,91.7,Yes,Yes,Yes,Yes,Yes,Yes,Yes,Yes,Yes,Yes,Yes,No,91.7,94,84,87,89.6,75.8,B,8.3,$48.36,Review,,
1,37 8th Ave,Oakland,CA,94606,,apartment,2,2,1120,3597,,https://www.redfin.com/CA/Oakland/37-8th-Ave-94606/home/167195505,3,3,3,3,3,3,3,100.0,3,2,3,3,91.7,Yes,Yes,Yes,Yes,Yes,Yes,Yes,Yes,Yes,Yes,Yes,No,91.7,43,57,74,53.4,75.8,B,8.3,$47.43,Review,,
1,37 8th Ave,Oakland,CA,94606,,apartment,2,2,1146,3722,,https://www.redfin.com/CA/Oakland/37-8th-Ave-94606/home/167195505,3,3,3,3,3,3,3,100.0,3,2,3,3,91.7,Yes,Yes,Yes,Yes,Yes,Yes,Yes,Yes,Yes,Yes,Yes,No,91.7,43,57,74,53.4,75.8,B,8.3,$49.08,Review,,
1,37 8th Ave,Oakland,CA,94606,,apartment,2,2,1161,3802,,https://www.redfin.com/CA/Oakland/37-8th-Ave-94606/home/167195505,3,3,3,3,3,3,3,100.0,3,2,3,3,91.7,Yes,Yes,Yes,Yes,Yes,Yes,Yes,Yes,Yes,Yes,Yes,No,91.7,43,57,74,53.4,75.8,B,8.3,$50.14,Review,,
1,37 8th Ave,Oakland,CA,94606,,apartment,2,2,1311,4195,,https://www.redfin.com/CA/Oakland/37-8th-Ave-94606/home/167195505,3,3,3,3,3,3,3,100.0,3,2,3,3,91.7,Yes,Yes,Yes,Yes,Yes,Yes,Yes,Yes,Yes,Yes,Yes,No,91.7,43,57,74,53.4,75.8,B,8.3,$55.32,Review,,
1,37 8th Ave,Oakland,CA,94606,,apartment,2,2,1121,4242,,https://www.redfin.com/CA/Oakland/37-8th-Ave-94606/home/167195505,3,3,3,3,3,3,3,100.0,3,2,3,3,91.7,Yes,Yes,Yes,Yes,Yes,Yes,Yes,Yes,Yes,Yes,Yes,No,91.7,43,57,74,53.4,75.8,B,8.3,$55.94,Review,,
1,37 8th Ave,Oakland,CA,94606,,apartment,2,2,1170,4293,,https://www.redfin.com/CA/Oakland/37-8th-Ave-94606/home/167195505,3,3,3,3,3,3,3,100.0,3,2,3,3,91.7,Yes,Yes,Yes,Yes,Yes,Yes,Yes,Yes,Yes,Yes,Yes,No,91.7,43,57,74,53.4,75.8,B,8.3,$56.61,Review,,
1,3093 Broadway,Oakland,CA,94611,,apartment,2,2,1121,3887,,https://www.redfin.com/CA/Oakland/3093-Broadway-94611/home/112888778,3,3,3,3,3,3,3,100.0,2,3,3,3,91.7,Yes,Yes,Yes,Yes,Yes,Yes,Yes,Yes,Yes,Yes,Yes,No,91.7,93,67,85,83.6,75.8,B,8.3,$51.26,Review,,
1,3093 Broadway,Oakland,CA,94611,,apartment,2,2,1121,3912,,https://www.redfin.com/CA/Oakland/3093-Broadway-94611/home/112888778,3,3,3,3,3,3,3,100.0,2,3,3,3,91.7,Yes,Yes,Yes,Yes,Yes,Yes,Yes,Yes,Yes,Yes,Yes,No,91.7,93,67,85,83.6,75.8,B,8.3,$51.59,Review,,
1,3093 Broadway,Oakland,CA,94611,,apartment,2,2,1121,4017,,https://www.redfin.com/CA/Oakland/3093-Broadway-94611/home/112888778,3,3,3,3,3,3,3,100.0,2,3,3,3,91.7,Yes,Yes,Yes,Yes,Yes,Yes,Yes,Yes,Yes,Yes,Yes,No,91.7,93,67,85,83.6,75.8,B,8.3,$52.97,Review,,
1,3093 Broadway,Oakland,CA,94611,,apartment,2,2,1121,3952,,https://www.redfin.com/CA/Oakland/3093-Broadway-94611/home/112888778,3,3,3,3,3,3,3,100.0,2,3,3,3,91.7,Yes,Yes,Yes,Yes,Yes,Yes,Yes,Yes,Yes,Yes,Yes,No,91.7,93,67,85,83.6,75.8,B,8.3,$52.11,Review,,
1,1150 Clay St,Oakland,CA,94607,,apartment,2,1.5,1080,3365,,https://www.redfin.com/CA/Oakland/1150-Clay-St-94607/home/178751086#overview,3,3,3,3,3,3,3,100.0,3,3,3,3,100.0,No,Yes,Yes,Yes,No,Yes,Yes,Yes,Yes,Yes,Yes,No,75.0,99,89,88,93.8,72.5,B,25.0,$46.41,Review,,
1,219 9th Ave,Oakland,CA,94606,,apartment,2,2,1040,2989,,https://www.redfin.com/CA/Oakland/Artizan/apartment/112885464,3,3,3,3,3,3,3,100.0,3,3,3,2,91.7,Yes,Yes,Yes,Yes,,Yes,Yes,Yes,Yes,Yes,Yes,No,90.9,46,58,74,55.2,75.6,B,9.1,$39.53,Review,,
1,4801 Shattuck Ave,Oakland,CA,94609,,apartment,2,2,1078,3318,,https://www.redfin.com/CA/Oakland/4801-Shattuck-Ave-94609/apartment/143116208,3,3,3,3,3,3,3,100.0,3,2,3,2,83.3,Yes,Yes,Yes,Yes,Yes,Yes,Yes,Yes,Yes,Yes,Yes,No,91.7,98,68,93,88.0,74.2,B,8.3,$44.74,Review,,
1,1411 Alice St,Oakland,CA,94612,,apartment,2,2,913,3315,,https://www.redfin.com/CA/Oakland/Alice-House/apartment/172809958,3,3,3,3,3,3,3,100.0,3,3,3,3,100.0,Yes,Yes,Yes,Yes,Yes,Yes,Yes,Yes,Yes,Yes,Yes,No,91.7,99,88,91,94.1,77.5,B,8.3,$42.77,Review,,
1,500 William St,Oakland,CA,94612,,apartment,2,2,1085,2947,,https://www.redfin.com/CA/Oakland/The-Uptown/apartment/190571155,2,2,3,3,2,,2,77.8,3,,3,3,100.0,Yes,Yes,Yes,No,,Yes,Yes,Yes,Yes,Yes,Yes,No,81.8,99,85,93,93.6,67.9,C,18.2,$43.42,Review,,
1,3815 Harrison St Unit 203,Oakland,CA,94611,,apartment,2,2,"1,200",2950,,https://www.redfin.com/CA/Oakland/3815-Harrison-St-94611/unit-203/apartment/189148052,2,2,3,2,2,3,2,76.2,3,2,3,3,91.7,Yes,Yes,No,No,Yes,Yes,No,Yes,Yes,Yes,Yes,No,66.7,88,53,68,73.5,61.2,C,33.3,$48.21,Review,,
3,2302 Valdez St,Oakland,CA,94612,,apartment,0,1,673,2918,,https://www.redfin.com/CA/Oakland/Alta-Waverly/apartment/143116126,3,,3,3,3,3,3,100.0,3,,3,2,88.9,Yes,Yes,Yes,Yes,,Yes,Yes,Yes,,Yes,Yes,,100.0,98,76,95,90.8,77.8,B,0.0,$37.52,Review,,
3,3015 San Pablo Ave,Berkeley,CA,94702,,,2,1,1012,3495,,https://www.redfin.com/CA/Berkeley/Aquatic-Higby/apartment/143116535,3,3,3,3,3,3,3,100.0,3,3,3,3,100.0,No,Yes,Yes,Yes,Yes,Yes,Yes,Yes,,Yes,Yes,,90.0,93,59,90,82.2,77.0,B,10.0,$45.39,Review,,
3,3101 Mabel St,Berkeley,CA,94702,,,2,1,650,3050,,https://www.redfin.com/CA/Berkeley/3101-Mabel-St-94702/apartment/1526370,3,3,3,3,2,3,3,95.2,2,2,2,2,66.7,No,Yes,No,Yes,Yes,Yes,Yes,Yes,Yes,Yes,Yes,No,75.0,89,60,90,80.5,,,,,,,
3,3205 California St Apt D,Berkeley,CA,94703,,,2,1,750,2895,,https://www.redfin.com/CA/Berkeley/3205-California-St-94703/unit-D/home/200381237,2,2,2,2,2,3,2,71.4,2,2,2,2,66.7,No,Yes,No,No,Yes,No,No,,No,No,Yes,No,27.3,92,62,97,84.0,,,,,,,
3,2732 Union St Unit 2734 (Rear),Oakland,CA,94607,,,2,1,—,2895,,https://www.redfin.com/CA/Oakland/2732-Union-St-94607/unit-2734-Rear/apartment/201572917,2,2,2,2,2,2,3,71.4,3,2,2,,77.8,Yes,Yes,No,,Yes,Yes,No,,Yes,No,Yes,Yes,70.0,88,54,93,78.8,,,,,,,
3,257 Athol Ave Unit 6,Oakland,CA,94606,,,2,1,600,2850,,https://www.redfin.com/CA/Oakland/257-Athol-Ave-94606/unit-6/apartment/196344785,3,2,3,3,2,2,3,85.7,3,2,2,2,75.0,No,Yes,,No,,Yes,No,,Yes,Yes,Yes,,62.5,91,64,82,81.1,,,,,,,
3,528 Merritt Ave Unit 208 LU,Oakland,CA,94610,,,2,1,"1,063",2850,,https://www.redfin.com/CA/Oakland/528-Merritt-Ave-94610/unit-208-LU/apartment/200871853,2,3,3,3,3,2,,88.9,2,3,,,83.3,Yes,Yes,No,No,,Yes,,,Yes,Yes,Yes,Yes,77.8,95,58,71,79.1,,,,,,,
3,245 Lee St,Oakland,CA,94610,,,2,1,700,2488,,https://www.redfin.com/CA/Oakland/Lee-Haus/apartment/1909856,3,2,3,3,2,2,3,85.7,3,2,2,2,75.0,No,Yes,Yes,No,Yes,No,Yes,No,Yes,Yes,Yes,Yes,66.7,91,67,86,82.8,,,,,,,
3,671 Vernon St,Oakland,CA,94610,,,2,1,756,2650,,https://www.redfin.com/CA/Oakland/671-Vernon-St-94610/apartment/526408,1,2,2,2,2,2,1,57.1,1,2,2,2,58.3,,Yes,No,No,Yes,No,No,,No,No,Yes,,33.3,85,53,60,70.4,,,,,,,
3,1801 Jefferson St,Oakland,CA,94612,,,2,1,874,2630,,https://www.redfin.com/CA/Oakland/Bell-Uptown-District/apartment/112885465,3,3,3,3,3,2,3,95.2,2,3,2,2,75.0,No,Yes,Yes,Yes,Yes,Yes,Yes,Yes,No,Yes,Yes,No,75.0,97,84,95,92.7,,,,,,,
3,225 Clifton St,Oakland,CA,94618,,,2,1,900,2800,,https://www.redfin.com/CA/Oakland/The-Clifton/apartment/112885369,2,2,2,3,2,2,3,76.2,2,2,2,2,66.7,No,Yes,No,No,,No,No,,No,Yes,Yes,,33.3,93,59,54,75.0,,,,,,,
3,2535 E 29th St Unit 1,Oakland,CA,94602,,,2,1,800,2750,,https://www.redfin.com/CA/Oakland/1951-E-30th-St-94606/apartment/1482967,2,2,3,2,2,2,2,71.4,2,2,3,2,75.0,Yes,Yes,No,No,,Yes,No,,No,Yes,Yes,Yes,60.0,75,58,53,65.5,,,,,,,
3,3250 Hollis St,Emeryville,CA,94608,,,2,1,999,2530,,https://www.redfin.com/CA/Emeryville/Hollis-Oak/apartment/168797025,3,3,3,3,3,2,3,95.2,3,2,2,2,75.0,Yes,Yes,Yes,No,Yes,Yes,Yes,,No,Yes,Yes,,80.0,90,62,98,83.2,,,,,,,
3,1732 8th St,Oakland,CA,94607,,,2,1,760,2600,,https://www.redfin.com/CA/Oakland/1732-8th-St-94607/apartment/199403472,2,2,2,2,2,2,2,66.7,3,2,2,2,75.0,Yes,Yes,No,Yes,Yes,Yes,No,,Yes,Yes,Yes,Yes,81.8,77,64,92,76.1,,,,,,,
3,7038 Lacey Ave Unit T7048,Oakland,CA,94605,,,2,1,—,2600,,https://www.redfin.com/CA/Oakland/7038-Lacey-Ave-94605/unit-T7048/apartment/199541288,2,,1,2,1,1,2,50.0,2,3,2,,77.8,No,Yes,No,No,Yes,No,No,,Yes,Yes,,Yes,50.0,79,58,52,67.3,,,,,,,
3,520 Van Buren Ave,Oakland,CA,94610,,,2,1,700,2595,,https://www.redfin.com/CA/Oakland/520-Van-Buren-Ave-94610/apartment/526493,2,2,3,2,2,2,3,76.2,2,2,2,2,66.7,Yes,Yes,,No,,Yes,Yes,Yes,No,Yes,Yes,Yes,80.0,95,56,85,81.3,,,,,,,
3,475 Weldon Ave,Oakland,CA,94610,,,2,1,896,2595,,https://www.redfin.com/CA/Oakland/475-Weldon-Ave-94610/apartment/1306036,2,2,3,2,2,2,2,71.4,2,3,3,2,83.3,Yes,Yes,No,No,,Yes,No,,Yes,No,No,Yes,50.0,94,51,64,75.1,,,,,,,
3,830 47th St,Emeryville,CA,94608,,,2,1,780,2595,,https://www.redfin.com/CA/Emeryville/830-47th-St-94608/home/1963836,3,2,3,3,3,2,2,85.7,2,2,2,2,66.7,Yes,Yes,,No,Yes,No,No,No,No,Yes,Yes,Yes,54.5,85,69,99,83.0,,,,,,,
3,3720 Fruitvale Ave,Oakland,CA,94602,,,2,1,828,2580,,https://www.redfin.com/CA/Oakland/3720-Fruitvale-Ave-94602/apartment/545783,3,3,3,3,3,2,3,95.2,2,2,2,2,66.7,No,Yes,,No,,Yes,No,Yes,No,Yes,Yes,No,50.0,91,57,64,75.4,,,,,,,
3,3811 39th Ave,Oakland,CA,94619,,,2,1,800,2395,,,,,,,,,,,,,,,,,,,,,,,,,,,,,87,50,62,70.9,,,,,,,
3,6638 MacArthur Blvd Unit 6640-F,Oakland,CA,94605,,,2,1,850,2395,,https://www.redfin.com/CA/Oakland/6638-MacArthur-Blvd-94605/unit-6640-F/apartment/197694783,2,2,2,1,2,2,2,61.9,2,2,2,2,66.7,No,Yes,,No,,No,No,,Yes,Yes,Yes,,50.0,78,53,67,68.3,,,,,,,
3,1125 E 18th St,Oakland,CA,94607,,,2,1,600,2223,,https://www.redfin.com/CA/Oakland/Palmcrest/apartment/2005047,3,3,2,3,2,3,3,90.5,1,2,2,2,58.3,Yes,Yes,No,No,,No,No,Yes,No,Yes,Yes,No,45.5,89,57,83,78.2,,,,,,,
3,5900 Martin Luther King Junior Way Apt 2,Oakland,CA,94609,,,2,1,600,2350,,https://www.redfin.com/CA/Oakland/5900-Martin-Luther-King-Junior-Way-94609/unit-2/home/200341258,1,2,2,2,1,2,2,57.1,1,2,2,1,50.0,No,Yes,No,No,Yes,No,No,,Yes,Yes,Yes,No,45.5,91,60,100,83.5,,,,,,,
3,1934 9th Ave,Oakland,CA,94606,,,2,1,700,2299,,https://www.redfin.com/CA/Oakland/1934-9th-Ave-94606/apartment/533269,2,2,2,2,2,2,2,66.7,3,2,2,2,75.0,No,Yes,No,No,Yes,Yes,No,,No,Yes,Yes,,50.0,87,57,73,75.2,,,,,,,
3,389 Vernon St,Oakland,CA,94610,,,2,1,810,2295,,https://www.redfin.com/CA/Oakland/389-Vernon-St-94610/apartment/525861,2,2,1,1,2,2,2,57.1,2,3,3,2,83.3,No,Yes,No,No,,Yes,No,,No,Yes,Yes,,44.4,81,59,70,72.2,,,,,,,
3,477 Jean St,Oakland,CA,94610,,,2,1,700,2295,,https://www.redfin.com/CA/Oakland/477-Jean-St-94610/apartment/526147,3,3,3,2,3,3,3,95.2,3,2,2,2,75.0,No,Yes,No,No,,Yes,No,,No,Yes,Yes,,44.4,92,54,65,75.2,,,,,,,
3,4500 San Carlos Ave Unit 4502,Oakland,CA,94601,,,2,1,850,2295,,https://www.redfin.com/CA/Oakland/4500-San-Carlos-Ave-94601/unit-4502/home/201109501,1,2,1,2,2,2,2,57.1,2,,2,2,66.7,No,Yes,,No,No,No,No,,Yes,No,Yes,,33.3,76,52,53,64.2,,,,,,,
3,1221 E 20th St,Oakland,CA,94606,,,2,1,850,2448,,https://www.redfin.com/CA/Oakland/ArtHaus-Oakbrook/apartment/1276648,,3,3,3,2,2,3,88.9,2,2,2,2,66.7,No,Yes,Yes,,,Yes,No,Yes,No,Yes,Yes,,66.7,86,57,67,73.5,,,,,,,
3,2869 38th Ave,Oakland,CA,94619,,,2,1,"2,224",2250,,https://www.redfin.com/CA/Oakland/2869-38th-Ave-94619/unit-2863/home/22966925,2,1,2,1,2,2,2,57.1,2,2,2,3,75.0,No,Yes,No,No,,No,No,,No,Yes,Yes,,33.3,80,50,70,69.0,,,,,,,
3,4305 Rilea Way,Oakland,CA,94605,,,2,1,—,2250,,https://www.redfin.com/CA/Oakland/4305-Rilea-Way-94605/home/187971624,2,2,2,1,1,2,2,57.1,3,2,2,2,75.0,Yes,Yes,No,No,,Yes,No,No,No,Yes,No,Yes,45.5,29,27,18,26.2,,,,,,,
3,1044 54th St,Oakland,CA,94608,,,2,1,850,2250,,https://www.redfin.com/CA/Oakland/1044-54th-St-94608/home/187981072,1,2,1,2,2,2,2,57.1,3,2,2,2,75.0,Yes,Yes,No,Yes,Yes,No,No,,Yes,No,No,Yes,54.5,93,60,98,84.1,,,,,,,
3,2701 High St,Oakland,CA,94619,,,2,1,"1,000",2223,,https://www.redfin.com/CA/Oakland/Laurel-Haus/apartment/1495913,3,3,2,2,2,2,2,76.2,2,2,2,3,75.0,No,Yes,,Yes,Yes,Yes,No,,No,Yes,Yes,,66.7,78,50,60,66.0,,,,,,,
3,2019 E 20th St,Oakland,CA,94606,,,2,1,700,2200,,https://www.redfin.com/CA/Oakland/2019-E-20th-St-94606/apartment/185146616,2,3,2,2,2,2,2,71.4,3,2,2,2,75.0,No,Yes,,No,,No,Yes,,No,Yes,Yes,,50.0,81,56,68,70.9,,,,,,,
3,6510 Outlook Ave Apt 4,Oakland,CA,94605,,,2,1,—,2200,,https://www.redfin.com/CA/Oakland/6510-Outlook-Ave-94605/unit-4/home/200319549,2,2,2,2,2,2,2,66.7,3,2,2,2,75.0,No,Yes,,No,,No,Yes,,Yes,Yes,Yes,No,55.6,65,55,28,54.6,,,,,,,
3,908 36th Ave Unit 2,Oakland,CA,94601,,,2,1,883,2200,,https://www.redfin.com/CA/Oakland/908-36th-Ave-94601/unit-2/home/200865419,1,2,2,1,1,2,3,57.1,2,,,2,66.7,No,Yes,,No,No,No,No,,No,Yes,,No,22.2,94,74,89,87.0,,,,,,,
3,1931 9th Ave Unit 1931,Oakland,CA,94606,,,2,1,"1,200",2200,,https://www.redfin.com/CA/Oakland/1931-9th-Ave-94606/unit-1931/apartment/201556221,3,3,2,3,2,2,3,85.7,2,2,3,3,83.3,,Yes,,Yes,No,No,Yes,,Yes,Yes,Yes,Yes,77.8,87,57,70,74.6,,,,,,,
3,629 E 19th St,Oakland,CA,94606,,,2,1,700,2199,,https://www.redfin.com/CA/Oakland/19th-Street-Apartments/apartment/1399042,2,2,2,2,2,2,2,66.7,1,2,2,1,50.0,No,Yes,Yes,No,,No,No,,No,Yes,Yes,,44.4,92,60,83,80.6,,,,,,,
3,1001 91st Ave,Oakland,CA,94603,,,2,1,762,2195,,https://www.redfin.com/CA/Oakland/1001-91st-Ave-94603/home/587804,3,,2,3,3,2,3,88.9,2,,,2,66.7,No,Yes,,No,,No,Yes,,No,Yes,Yes,,50.0,66,48,53,58.0,,,,,,,
3,366 45th St,Oakland,CA,94609,,,2,1,730,2195,,https://www.redfin.com/CA/Oakland/1234-47th-Ave-94601/apartment/57181092,2,,2,1,2,2,2,61.1,2,,1,2,55.6,No,Yes,,No,,Yes,Yes,,No,Yes,,,57.1,94,66,92,85.2,,,,,,,
3,1234 47th Ave,Oakland,CA,94601,,,2,1,"1,000",2195,,https://www.redfin.com/CA/Oakland/1234-47th-Ave-94601/apartment/57181092,2,,2,1,1,2,2,55.6,3,,,2,83.3,No,Yes,,No,,Yes,Yes,,No,Yes,,,57.1,92,63,81,81.1,,,,,,,
3,2361 E 29th St,Oakland,CA,94606,,,2,1,727,2195,,https://www.redfin.com/CA/Oakland/Oakland-Heights-55-Active-Adult-Apartments/apartment/177352609,2,,3,2,2,3,3,83.3,2,,,2,66.7,Yes,Yes,,No,Yes,Yes,No,,Yes,Yes,Yes,,77.8,65,57,59,61.4,,,,,,,
3,2212 High St Unit 2218 C,Oakland,CA,94601,,,2,1,—,2195,,https://www.redfin.com/CA/Oakland/2212-High-St-94601/unit-2218-C/apartment/198813051,3,3,2,3,2,2,3,85.7,2,2,2,,66.7,No,Yes,No,Yes,,Yes,No,,No,Yes,Yes,,55.6,76,54,49,64.0,,,,,,,
3,1933 84th Ave Unit C,Oakland,CA,94621,,,2,1,750,2195,,https://www.redfin.com/CA/Oakland/1933-84th-Ave-94621/unit-C/apartment/200107257,2,2,2,2,2,2,2,66.7,1,2,2,2,58.3,No,Yes,No,No,Yes,No,No,,No,Yes,Yes,,40.0,69,58,65,64.9,,,,,,,
3,2694 Havenscourt Blvd Unit A,Oakland,CA,94605,,,2,1,800,2195,,https://www.redfin.com/CA/Oakland/2694-Havenscourt-Blvd-94605/unit-A/home/200229567,1,1,2,1,2,2,2,52.4,2,2,2,2,66.7,No,Yes,No,No,Yes,No,No,,No,No,No,,20.0,86,57,66,73.3,,,,,,,
3,3520 Brighton Ave Apt C,Oakland,CA,94602,,,2,1,889,2195,,https://www.redfin.com/CA/Oakland/3520-Brighton-Ave-94602/unit-C/home/201208672,3,2,3,3,2,2,3,85.7,2,2,2,2,66.7,No,Yes,No,No,,No,Yes,,No,Yes,Yes,,44.4,80,58,74,72.2,,,,,,,
3,580 Vernon St Unit 2,Oakland,CA,94610,,,2,1,—,2195,,https://www.redfin.com/CA/Oakland/580-Vernon-St-94610/unit-2/apartment/201442720,2,2,2,1,2,2,2,61.9,1,2,2,2,58.3,No,Yes,No,No,,No,No,,Yes,Yes,Yes,,44.4,87,54,64,72.5,,,,,,,
3,3048 Champion St,Oakland,CA,94602,,,2,1,855,2190,,https://www.redfin.com/CA/Oakland/3048-Champion-St-94602/apartment/1000609,2,2,2,3,2,2,3,76.2,1,2,2,2,58.3,No,Yes,,No,Yes,No,No,,No,Yes,Yes,,44.4,87,57,62,73.0,,,,,,,
3,2166 E 27th St,Oakland,CA,94606,,,2,1,"1,000",2168,,https://www.redfin.com/CA/Oakland/Diamond-Haus/apartment/1802658,2,3,2,2,2,2,3,76.2,2,2,2,2,66.7,No,Yes,,No,,No,No,,No,No,Yes,,25.0,70,58,50,62.4,,,,,,,
3,1080 Stanford Ave,Oakland,CA,94608,,,2,1,651,2150,,https://www.redfin.com/CA/Oakland/Stanford-Avenue-Apartments/apartment/187957133,2,2,2,2,1,2,2,61.9,1,2,2,1,50.0,No,Yes,No,No,,No,No,,No,Yes,Yes,,33.3,93,58,89,81.7,,,,,,,
3,516 Lewis St Unit 516,Oakland,CA,94607,,,2,1,700,2150,,https://www.redfin.com/CA/Oakland/516-Lewis-St-94607/unit-516/home/194687534,2,2,2,2,2,2,3,71.4,3,2,2,2,75.0,No,Yes,,Yes,,Yes,No,,Yes,Yes,Yes,,75.0,79,67,93,78.2,,,,,,,
3,692 34th St Unit 06,Oakland,CA,94609,,,2,1,—,2150,,https://www.redfin.com/CA/Oakland/692-34th-St-94609/unit-06/apartment/199207853,2,2,2,3,2,2,2,71.4,1,2,2,2,58.3,No,Yes,No,No,,No,No,,No,Yes,No,,22.2,82,73,98,82.5,,,,,,,
3,3615 Martin Luther King Junior Way Unit 2,Oakland,CA,94609,,,2,1,700,2150,,https://www.redfin.com/CA/Oakland/3615-Martin-Luther-King-Junior-Way-94609/unit-2/apartment/200092438,2,2,2,2,2,2,2,66.7,2,2,2,2,66.7,No,Yes,No,No,,No,No,,No,No,Yes,,22.2,88,74,88,83.8,,,,,,,
3,4228 Masterson St Unit 01,Oakland,CA,94619,,,2,1,—,2150,,https://www.redfin.com/CA/Oakland/4228-Masterson-St-94619/unit-01/apartment/200195072,1,2,1,2,2,1,2,52.4,2,,,2,66.7,No,Yes,No,No,Yes,No,No,,No,No,No,,20.0,91,50,62,72.9,,,,,,,
3,2169 48th Ave Unit C,Oakland,CA,94601,,,2,1,825,2145,,https://www.redfin.com/CA/Oakland/2169-48th-Ave-94601/unit-C/apartment/201220145,3,,2,2,2,2,3,77.8,1,,,2,50.0,Yes,Yes,No,No,,No,No,Yes,No,Yes,,,44.4,79,50,49,64.3,,,,,,,
3,2326 84th Ave,Oakland,CA,94605,,,2,1,"1,000",2100,,https://www.redfin.com/CA/Oakland/2326-84th-Ave-94605/home/1607896,2,2,2,2,2,2,2,66.7,1,2,2,3,66.7,No,Yes,No,No,,No,No,,No,No,Yes,,22.2,71,57,64,65.4,,,,,,,
3,1121 Campbell St Unit 1125,Oakland,CA,94607,,,2,1,—,2100,,https://www.redfin.com/CA/Oakland/1121-Campbell-St-94607/unit-1125/apartment/191768097,2,2,2,1,2,2,2,61.9,1,2,2,2,58.3,No,Yes,No,No,,No,No,,No,Yes,Yes,,33.3,81,65,95,79.0,,,,,,,
3,8811 A St Unit 2,Oakland,CA,94621,,,2,1,"1,020",2100,,https://www.redfin.com/CA/Oakland/8811-A-St-94621/unit-2/apartment/193042141,2,2,2,2,2,2,2,66.7,3,2,2,3,83.3,No,Yes,No,No,Yes,No,No,Yes,No,No,Yes,Yes,41.7,80,52,60,67.6,,,,,,,
3,6167 Mauritania Ave Unit C,Oakland,CA,94605,,,2,1,800,2100,,https://www.redfin.com/CA/Oakland/6167-Mauritania-Ave-94605/unit-C/home/196509670,2,2,2,3,2,2,3,76.2,2,2,2,2,66.7,No,Yes,,No,Yes,No,No,,No,Yes,Yes,,44.4,80,54,48,65.8,,,,,,,
3,1079 81st Ave Unit 7,Oakland,CA,94621,,,2,1,—,2100,,https://www.redfin.com/CA/Oakland/1079-81st-Ave-94621/unit-7/apartment/198696002,2,2,1,1,2,2,2,57.1,2,2,2,2,66.7,No,Yes,No,No,,No,No,No,No,Yes,Yes,,30.0,70,65,67,67.9,,,,,,,
3,2863 Brookdale Ave Apt C,Oakland,CA,94602,,,2,1,800,2100,,https://www.redfin.com/CA/Oakland/2863-Brookdale-Ave-94602/unit-C/home/200317909,1,2,2,2,2,2,2,61.9,1,2,2,2,58.3,No,Yes,No,No,Yes,No,No,No,No,No,No,Yes,25.0,82,57,64,70.9,,,,,,,
3,2169 48th Ave Apt B,Oakland,CA,94601,,,2,1,720,2095,,https://www.redfin.com/CA/Oakland/2169-48th-Ave-94601/unit-B/home/201216877,3,2,2,3,2,,2,77.8,2,2,2,1,58.3,No,Yes,,No,,No,No,Yes,No,Yes,,,37.5,79,50,49,64.3,,,,,,,
3,9300 Bancroft Ave Unit T9304,Oakland,CA,94603,,,2,1,—,2050,,https://www.redfin.com/CA/Oakland/9300-Bancroft-Ave-94603/unit-T9304/apartment/199985379,2,2,2,2,2,2,2,66.7,1,2,2,2,58.3,No,Yes,No,No,,No,Yes,,No,Yes,Yes,,44.4,70,56,62,64.2,,,,,,,
3,256 Euclid Ave Apt 7,Oakland,CA,94610,,,2,1,700,2050,,https://www.redfin.com/CA/Oakland/256-Euclid-Ave-94610/unit-7/home/201252096,1,1,2,2,2,2,2,57.1,2,2,2,2,66.7,No,Yes,No,No,No,No,No,,No,No,No,Yes,18.2,81,58,71,72.1,,,,,,,
3,3700 International Blvd,Oakland,CA,94601,,,2,1,786,1908,,https://www.redfin.com/CA/Oakland/Fruitvale-Haus/apartment/17188205,2,3,2,3,2,2,2,76.2,2,2,2,2,66.7,Yes,Yes,Yes,Yes,No,Yes,No,,Yes,Yes,Yes,,80.0,97,74,80,86.7,,,,,,,
3,3524 Foothill Blvd Unit 12,Oakland,CA,94601,,,2,1,800,2000,,https://www.redfin.com/CA/Oakland/3524-Foothill-Blvd-94601/unit-12/apartment/196155552,2,2,2,1,2,2,2,61.9,2,2,2,2,66.7,No,Yes,,No,,No,Yes,,Yes,Yes,Yes,No,55.6,91,68,76,81.1,,,,,,,
3,1312 64th Ave Unit T1,Oakland,CA,94621,,,2,1,—,2000,,https://www.redfin.com/CA/Oakland/1312-64th-Ave-94621/unit-T1/apartment/199770424,2,2,2,1,2,2,2,61.9,2,2,2,2,66.7,No,Yes,No,No,Yes,Yes,No,No,Yes,Yes,Yes,No,50.0,76,69,59,70.5,,,,,,,
3,1663 80th Ave Unit Td,Oakland,CA,94621,,,2,1,—,2000,,https://www.redfin.com/CA/Oakland/1663-80th-Ave-94621/unit-Td/home/200360825,2,2,2,1,2,2,2,61.9,2,2,2,2,66.7,No,Yes,No,No,,Yes,Yes,,Yes,Yes,Yes,No,60.0,66,58,69,64.2,,,,,,,
3,3814 39th Ave Unit T106,Oakland,CA,94619,,,2,1,—,2000,,https://www.redfin.com/CA/Oakland/3814-39th-Ave-94619/unit-T106/home/201238559,2,2,2,1,2,2,1,57.1,2,2,2,2,66.7,No,Yes,,No,,No,No,,No,No,Yes,,25.0,87,50,62,70.9,,,,,,,
3,3164 High St Unit D,Oakland,CA,94619,,,2,1,613,2000,,https://www.redfin.com/CA/Oakland/3164-High-St-94619/unit-D/apartment/201424467,2,2,2,2,2,2,1,61.9,2,2,2,2,66.7,No,Yes,No,No,Yes,No,No,,No,No,No,Yes,27.3,87,51,45,67.8,,,,,,,
3,7123 Holly St Unit d,Oakland,CA,94621,,,2,1,—,1999,,https://www.redfin.com/CA/Oakland/7123-Holly-St-94621/unit-d/apartment/198577041,2,2,2,1,2,2,2,61.9,2,2,2,2,66.7,No,Yes,No,No,Yes,No,No,,Yes,No,Yes,Yes,45.5,75,59,67,68.6,,,,,,,
3,480 Crescent St,Oakland,CA,94610,,,2,1,800,1995,,https://www.redfin.com/CA/Oakland/480-Crescent-St-94610/apartment/1903690,2,3,2,2,2,2,3,76.2,2,2,2,2,66.7,No,Yes,No,No,,No,Yes,,No,Yes,Yes,,44.4,98,53,80,80.9,,,,,,,
3,816 37th St Unit C,Oakland,CA,94608,,,2,1,—,1995,,https://www.redfin.com/CA/Oakland/816-37th-St-94608/unit-C/apartment/181238698,2,2,2,2,2,2,3,71.4,2,2,2,3,75.0,No,Yes,,No,,No,No,No,No,Yes,Yes,,33.3,87,74,92,84.1,,,,,,,
3,2900 Fruitvale Ave,Oakland,CA,94602,,,2,1,"1,200",1995,,https://www.redfin.com/CA/Oakland/2900-Fruitvale-Ave-94602/apartment/200074067,2,2,2,1,2,2,2,61.9,2,2,2,2,66.7,No,Yes,,No,,No,No,,No,No,No,,12.5,87,57,60,72.6,,,,,,,
3,11818 Foothill Way Unit 3,Oakland,CA,94605,,,2,1,"1,000",1995,,https://www.redfin.com/CA/Oakland/11818-Foothill-Way-94605/unit-3/home/200558122,2,2,2,3,3,2,2,76.2,3,2,2,3,83.3,No,Yes,,No,Yes,Yes,No,No,Yes,Yes,Yes,,60.0,69,44,45,56.7,,,,,,,
3,1747 21st Ave Unit 1747,Oakland,CA,94606,,,2,1,800,1995,,https://www.redfin.com/CA/Oakland/1747-21st-Ave-94606/unit-1747/home/201243322,1,2,2,2,1,2,2,57.1,2,2,2,2,66.7,No,Yes,,No,,No,No,,No,No,No,No,11.1,87,56,73,74.9,,,,,,,
3,1537 8th Ave Unit B,Oakland,CA,94606,,,2,1,650,1950,,https://www.redfin.com/CA/Oakland/1537-8th-Ave-94606/unit-B/apartment/194118870,2,2,3,2,3,2,2,76.2,2,2,2,2,66.7,,Yes,,No,,No,Yes,,Yes,Yes,Yes,,71.4,93,62,89,82.9,,,,,,,
3,1506 4th Ave Unit 7,Oakland,CA,94606,,,2,1,750,1950,,https://www.redfin.com/CA/Oakland/1506-4th-Ave-94606/unit-7/apartment/195516371,2,2,2,2,2,2,3,71.4,3,2,2,2,75.0,No,Yes,,No,,No,No,,Yes,Yes,Yes,,50.0,94,67,98,86.7,,,,,,,
3,6625 Bancroft Ave Unit 6621,Oakland,CA,94605,,,2,1,734,1950,,https://www.redfin.com/CA/Oakland/6625-Bancroft-Ave-94605/unit-6621/home/201238791,2,2,2,2,2,2,2,66.7,2,2,2,2,66.7,No,Yes,,No,,No,No,,No,No,Yes,,25.0,86,57,63,72.7,,,,,,,
3,3430 64th Avenue Pl,Oakland,CA,94605,,,2,1,900,1899,,https://www.redfin.com/CA/Oakland/3430-64th-Avenue-Pl-94605/home/1992803,3,2,3,2,2,2,3,81.0,2,,2,2,66.7,No,Yes,,No,Yes,No,Yes,,No,Yes,Yes,No,50.0,79,55,47,65.4,,,,,,,
3,2554 E 16th St,Oakland,CA,94601,,,1,1,800,1832,,https://www.redfin.com/CA/Oakland/Village-Haus/apartment/1524283,2,2,2,2,2,2,2,66.7,2,2,2,2,66.7,Yes,Yes,Yes,No,,Yes,No,,No,No,,,50.0,89,66,75,79.3,,,,,,,
3,1130 82nd Ave,Oakland,CA,94621,,,2,1,—,1800,,https://www.redfin.com/CA/Oakland/1130-82nd-Ave-94621/home/581903,2,3,2,1,3,2,2,71.4,3,2,2,2,75.0,No,Yes,No,,,No,No,,No,Yes,Yes,,37.5,72,62,65,67.6,,,,,,,
3,937 International Blvd,Oakland,CA,94606,,,2,1,726,1795,,https://www.redfin.com/CA/Oakland/937-International-Blvd-94606/home/1077491,2,2,2,2,2,,,66.7,2,2,2,2,66.7,No,Yes,,,,No,No,,Yes,Yes,Yes,,57.1,93,60,94,83.3,,,,,,,
3,2225 23rd Ave Unit 2219-A,Oakland,CA,94606,,,2,1,540,1795,,https://www.redfin.com/CA/Oakland/2225-23rd-Ave-94606/unit-2219-A/apartment/201415309,2,2,3,2,2,2,2,71.4,2,2,2,1,58.3,Yes,Yes,,Yes,,No,No,,Yes,Yes,Yes,Yes,77.8,77,58,58,67.5,,,,,,,
3,6506 Foothill Blvd Apt F,Oakland,CA,94605,,,2,1,648,1745,,https://www.redfin.com/CA/Oakland/6506-Foothill-Blvd-94605/unit-F/home/200346492,1,2,1,2,2,2,2,57.1,2,2,2,2,66.7,No,Yes,,No,,No,No,,No,No,Yes,,25.0,87,57,60,72.6,,,,,,,
3,668 21st St,Oakland,CA,94612,,,2,1,975,1676,,https://www.redfin.com/CA/Oakland/Cathedral-Gardens/apartment/196265650,2,2,2,2,2,2,2,66.7,2,2,2,2,66.7,Yes,Yes,Yes,Yes,Yes,Yes,Yes,,No,Yes,Yes,Yes,90.9,97,81,96,92.0,,,,,,,
3,9635 Plymouth St Unit 2,Oakland,CA,94603,,,2,1,620,1595,,https://www.redfin.com/CA/Oakland/9635-Plymouth-St-94603/unit-2/apartment/200170901,2,2,2,2,2,2,2,66.7,1,,2,1,44.4,No,Yes,No,,Yes,No,No,,Yes,Yes,,,50.0,75,56,56,65.5,,,,,,,
